ATCOCode,NaptanCode,PlateCode,CleardownCode,CommonName,CommonNameLang,ShortCommonName,ShortCommonNameLang,Landmark,LandmarkLang,Street,StreetLang,Crossing,CrossingLang,Indicator,IndicatorLang,Bearing,NptgLocalityCode,LocalityName,ParentLocalityName,GrandParentLocalityName,Town,TownLang,Suburb,SuburbLang,LocalityCentre,GridType,Easting,Northing,Longitude,Latitude,StopType,BusStopType,TimingStatus,DefaultWaitTime,Notes,NotesLang,AdministrativeAreaCode,CreationDateTime,ModificationDateTime,RevisionNumber,Modification,Status
15800001,soadgapg,,,East Beach,,,,East Beach Shoebury,,Rampart Terrace,,,,SW-bound,,SW,E0042047,Shoeburyness,Southend-on-Sea,,Southend-on-Sea,,Shoeburyness,,0,UKOS,594125,184767,0.79719407,51.5284447,BCT,MKD,OTH,,,,053,2006-10-02T00:00:00,2026-09-16T10:49:11,7,revise,active
15800002,soadgamw,,,Shoeburyness Railway Station,,,,Hinguar - Primary,,High Street,,,,o/s,,NE,E0042047,Shoeburyness,Southend-on-Sea,,Southend-on-Sea,,Shoeburyness,,1,UKOS,594046,185057,0.79623013,51.5310669,BCT,MKD,OTH,,,,053,2006-10-02T00:00:00,2026-09-16T10:49:11,59,revise,active
15800003,soadgamt,,,Shoeburyness Railway Station,,,,Hinguar - Primary,,High Street,,,,opp,,SW,E0042047,Shoeburyness,Southend-on-Sea,,Southend-on-Sea,,Shoeburyness,,1,UKOS,594012,184970,0.79567829,51.5302976,BCT,MKD,OTH,,,,053,2006-10-02T00:00:00,2023-07-31T08:06:22,59,revise,active
15800004,soadgapa,,,Southchurch Avenue turn,,,,,,High Street,,,,adj,,NE,E0042047,Shoeburyness,Southend-on-Sea,,Southend-on-Sea,,Shoeburyness,,0,UKOS,594173,185311,0.79818432,51.5333047,BCT,MKD,OTH,,,,053,2006-10-02T00:00:00,2023-07-31T08:06:22,61,revise,active
15800005,soadadwd,,,Southchurch Avenue turn,,,,,,High Street,,,,opp,,SW,E0042047,Shoeburyness,Southend-on-Sea,,Southend-on-Sea,,Shoeburyness,,0,UKOS,594148,185239,0.79778522,51.5326756,BCT,MKD,OTH,,,,053,2006-10-02T00:00:00,2026-09-16T10:49:11,62,revise,active
15800006,soadadwg,,,Blackgate Road,,,,,,Wakering Road,,,,S-bound,,S,E0042043,North Shoebury,Shoeburyness,,Southend-on-Sea,,North Shoebury,,0,UKOS,594255,185531,0.79950130,51.5352609,BCT,MKD,OTH,,,,053,2006-10-02T00:00:00,2026-09-16T10:49:11,58,revise,active
15800007,soadgapd,,,Blackgate Road,,,,,,Wakering Road,,,,N-bound,,N,E0042043,North Shoebury,Shoeburyness,,Southend-on-Sea,,North Shoebury,,0,UKOS,594250,185543,0.79942152,51.5353707,BCT,MKD,OTH,,,,053,2006-10-02T00:00:00,2026-09-16T10:49:11,58,revise,active
15800008,soadgtaw,,,Constable Way,,,,,,Wakering Road,,,,adj,,NE,E0042043,North Shoebury,Shoeburyness,,Southend-on-Sea,,North Shoebury,,0,UKOS,594395,185938,0.80174187,51.5388679,BCT,MKD,OTH,,,,053,2006-10-02T00:00:00,2026-09-16T10:49:11,59,revise,active
15800009,soadadwj,,,Picasso Way,,,,,,Constable Way,,,,opp,,W,E0042043,North Shoebury,Shoeburyness,,Southend-on-Sea,,North Shoebury,,0,UKOS,594264,185882,0.79982443,51.5384100,BCT,MKD,OTH,,,,053,2006-10-02T00:00:00,2026-09-16T10:49:11,58,revise,active
15800010,soadadwm,,,Picasso Way,,,,,,Constable Way,,,,adj,,E,E0042043,North Shoebury,Shoeburyness,,Southend-on-Sea,,North Shoebury,,0,UKOS,594295,185885,0.80025757,51.5384176,BCT,MKD,OTH,,,,053,2006-10-02T00:00:00,2023-07-31T08:06:22,57,revise,active
15800011,soadadwt,,,The Renown,,,,Renown Shoebury,,Constable Way,,,,opp,,E,E0042043,North Shoebury,Shoeburyness,,Southend-on-Sea,,North Shoebury,,1,UKOS,593842,185918,0.79376642,51.5388693,BCT,MKD,OTH,,,,053,2006-10-02T00:00:00,2026-09-16T10:49:11,60,revise,active
15800012,soadadwp,,,The Renown,,,,Renown Shoebury,,Constable Way,,,,o/s,,W,E0042043,North Shoebury,Shoeburyness,,Southend-on-Sea,,North Shoebury,,1,UKOS,593850,185908,0.79387668,51.5387857,BCT,CUS,OTH,,,,053,2006-10-02T00:00:00,2026-09-16T10:49:11,59,revise,active
15800013,soadagad,,,Cunningham Close,,,,,,Eagle Way,,,,adj,,W,E0042043,North Shoebury,Shoeburyness,,Southend-on-Sea,,North Shoebury,,1,UKOS,593582,186081,0.79009780,51.5404316,BCT,MKD,OTH,,,,053,2006-10-02T00:00:00,2026-09-16T10:49:11,58,revise,active
15800014,soadagag,,,Cunningham Close,,,,,,Eagle Way,,,,opp,,E,E0042043,North Shoebury,Shoeburyness,,Southend-on-Sea,,North Shoebury,,1,UKOS,593550,186086,0.78963969,51.5404875,BCT,MKD,OTH,,,,053,2006-10-02T00:00:00,2026-09-16T10:49:11,58,revise,active
15800015,soadagaj,,,Linnet Close,,,,,,Eagle Way,,,,opp,,E,E0042043,North Shoebury,Shoeburyness,,Southend-on-Sea,,North Shoebury,,1,UKOS,593361,186026,0.78688426,51.5400044,BCT,MKD,OTH,,,,053,2006-10-02T00:00:00,2023-07-31T08:06:22,57,revise,active
15800016,soadagam,,,Linnet Close,,,,,,Eagle Way,,,,adj,,W,E0042043,North Shoebury,Shoeburyness,,Southend-on-Sea,,North Shoebury,,1,UKOS,593326,186005,0.78636922,51.5398367,BCT,MKD,OTH,,,,053,2006-10-02T00:00:00,2026-09-16T10:49:11,58,revise,active
15800017,soadagap,,,Herongate,,,,St Georges Catholic - Primary,,Eagle Way,,,,opp,,S,E0042043,North Shoebury,Shoeburyness,,Southend-on-Sea,,North Shoebury,,1,UKOS,593296,185783,0.78581482,51.5378443,BCT,MKD,OTH,,,,053,2006-10-02T00:00:00,2023-07-31T08:06:22,57,revise,active
15800018,soadagat,,,Herongate,,,,St Georges Catholic - Primary,,Eagle Way,,,,adj,,NW,E0042043,North Shoebury,Shoeburyness,,Southend-on-Sea,,North Shoebury,,1,UKOS,593294,185770,0.78577888,51.5377282,BCT,MKD,OTH,,,,053,2006-10-02T00:00:00,2023-07-31T08:06:22,58,revise,active
15800019,soadgtjd,,,Shoebury Asda,,,,Shoebury Asda,,Forecourt,,,,o/s,,N,E0042043,North Shoebury,Shoeburyness,,Southend-on-Sea,,North Shoebury,,0,UKOS,592998,185976,0.78155866,51.5397081,BCT,CUS,OTH,,,,053,2006-10-02T00:00:00,2026-09-16T10:49:11,59,revise,active
15800020,soadgtjg,,,Shoebury Asda,,,,Shoebury Asda,,Forecourt,,,,at,,SW,E0042043,North Shoebury,Shoeburyness,,Southend-on-Sea,,North Shoebury,,0,UKOS,593007,185966,0.78155263,51.5396093,BCT,CUS,OTH,,,,053,2006-10-02T00:00:00,2026-09-16T10:49:11,58,revise,active
15800021,soadagmw,,,St Marys Church,,,,ASDA,,North Shoebury Road,,,,opp,,N,E0042043,North Shoebury,Shoeburyness,,Southend-on-Sea,,North Shoebury,,0,UKOS,592843,186051,0.77943782,51.5404060,BCT,MKD,OTH,,,,053,2006-10-02T00:00:00,2023-07-31T08:06:22,58,revise,active
15800022,soadagpa,,,St Marys Church,,,,ASDA,,North Shoebury Road,,,,o/s,,S,E0042043,North Shoebury,Shoeburyness,,Southend-on-Sea,,North Shoebury,,0,UKOS,592853,186030,0.77958529,51.5402226,BCT,MKD,OTH,,,,053,2006-10-02T00:00:00,2026-09-16T10:49:11,57,revise,active
15800023,soadagpd,,,North Shoebury Corner,,,,Parsons Corner,,North Shoebury Road,,,,SE-bound,,SE,E0042043,North Shoebury,Shoeburyness,,Southend-on-Sea,,North Shoebury,,0,UKOS,592748,186497,0.77832865,51.5444525,BCT,MKD,OTH,,,,053,2006-10-02T00:00:00,2026-09-16T10:49:11,58,revise,active
15800024,soadagaw,,,XHermes Way,,,,,,Hermes Way,,,,S-bound,,S,E0042043,North Shoebury,Shoeburyness,,Southend-on-Sea,,North Shoebury,,1,UKOS,593554,185688,0.78947863,51.5369118,BCT,MKD,OTH,,,,053,2006-10-02T00:00:00,2026-09-16T10:49:11,6,revise,inactive
15800025,soadagda,,,XHermes Way,,,,,,Hermes Way,,,,N-bound,,N,E0042043,North Shoebury,Shoeburyness,,Southend-on-Sea,,North Shoebury,,1,UKOS,593545,185682,0.78934573,51.5368610,BCT,MKD,OTH,,,,053,2006-10-02T00:00:00,2026-09-16T10:49:11,6,revise,inactive
15800026,soadapja,,,Vanguard Way,,,,Industrial,,Elm Road,,,,adj,,W,E0042043,North Shoebury,Shoeburyness,,Southend-on-Sea,,North Shoebury,,0,UKOS,593564,185525,0.78954695,51.5354352,BCT,MKD,OTH,,,,053,2006-10-02T00:00:00,2026-09-16T10:49:11,5,revise,inactive
15800027,soadagdg,,,Vanguard Way,,,,Industrial,,Elm Road,,,,opp,,E,E0042043,North Shoebury,Shoeburyness,,Southend-on-Sea,,North Shoebury,,0,UKOS,593540,185532,0.78920574,51.5355152,BCT,MKD,OTH,,,,053,2006-10-02T00:00:00,2026-09-16T10:49:11,5,revise,inactive
15800028,soadagdj,,,Elm Close,,,,,,Elm Road,,,,adj,,E,E0042043,North Shoebury,Shoeburyness,,Southend-on-Sea,,North Shoebury,,0,UKOS,593091,185343,0.78262147,51.5339629,BCT,MKD,OTH,,,,053,2006-10-02T00:00:00,2024-03-26T09:33:20,4,revise,inactive
15800029,soadagdm,,,Elm Close,,,,,,Elm Road,,,,opp,,W,E0042043,North Shoebury,Shoeburyness,,Southend-on-Sea,,North Shoebury,,0,UKOS,593056,185324,0.78210762,51.5338132,BCT,MKD,OTH,,,,053,2006-10-02T00:00:00,2026-09-16T10:49:11,5,revise,inactive
15800030,soadgamp,,,Midsummer Meadow,,,,Residential Home,,Frobisher Way,,,,opp,,SW,E0042043,North Shoebury,Shoeburyness,,Southend-on-Sea,,North Shoebury,,0,UKOS,593172,186223,0.78427091,51.5418472,BCT,MKD,OTH,,,,053,2006-10-02T00:00:00,2026-09-16T10:49:11,58,revise,active
15800031,soadagpg,,,Midsummer Meadow,,,,Residential Home,,Frobisher Way,,,,adj,,NE,E0042043,North Shoebury,Shoeburyness,,Southend-on-Sea,,North Shoebury,,0,UKOS,593213,186259,0.78488115,51.5421565,BCT,MKD,OTH,,,,053,2006-10-02T00:00:00,2026-09-16T10:49:11,58,revise,active
15800032,soadagpj,,,Ravendale Way,,,,,,Ravendale Way,,,,W-bound,,W,E0042043,North Shoebury,Shoeburyness,,Southend-on-Sea,,North Shoebury,,0,UKOS,593084,186454,0.78312959,51.5439429,BCT,MKD,OTH,,,,053,2006-10-02T00:00:00,2014-04-07T10:17:27,5,revise,active
15800033,soadagpm,,,Mountbatten Drive,,,,,,Ravendale Way,,,,opp,,E,E0042043,North Shoebury,Shoeburyness,,Southend-on-Sea,,North Shoebury,,0,UKOS,593102,186464,0.78339488,51.5440355,BCT,MKD,OTH,,,,053,2006-10-02T00:00:00,2026-09-16T10:49:11,7,revise,active
15800034,soadagdp,,,West Road,,,,Richmond Schools Infant & Junior - Primary,,Caulfield Road,,,,adj,,SW,E0042047,Shoeburyness,Southend-on-Sea,,Southend-on-Sea,,Shoeburyness,,0,UKOS,592919,185275,0.78010801,51.5334199,BCT,MKD,OTH,,,,053,2006-10-02T00:00:00,2026-09-16T10:49:11,62,revise,active
15800035,soadagdt,,,West Road,,,,Richmond Schools Infant & Junior - Primary,,Caulfield Road,,,,opp,,NE,E0042047,Shoeburyness,Southend-on-Sea,,Southend-on-Sea,,Shoeburyness,,0,UKOS,592897,185270,0.77980288,51.5333822,BCT,MKD,OTH,,,,053,2006-10-02T00:00:00,2026-09-16T10:49:11,62,revise,active
15800036,soadagdw,,,Shoebury High School,,,,Shoebury High - Secondary,,Caulfield Road,,,,opp,,W,E0042047,Shoeburyness,Southend-on-Sea,,Southend-on-Sea,,Shoeburyness,,0,UKOS,592659,185138,0.77630358,51.5322779,BCT,MKD,OTH,,,,053,2006-10-02T00:00:00,2026-09-16T10:49:11,57,revise,active
15800037,soadagja,,,Shoebury High School,,,,Shoebury High - Secondary,,Caulfield Road,,,,o/s,,E,E0042047,Shoeburyness,Southend-on-Sea,,Southend-on-Sea,,Shoeburyness,,0,UKOS,592630,185138,0.77587105,51.5322791,BCT,MKD,OTH,,,,053,2006-10-02T00:00:00,2023-07-31T08:06:22,55,revise,active
15800038,soadagjd,,,Connaught Gardens,,,,,,Caulfield Road,,,,adj,,W,E0042047,Shoeburyness,Southend-on-Sea,,Southend-on-Sea,,Shoeburyness,,0,UKOS,592331,185041,0.77151323,51.5315188,BCT,MKD,OTH,,,,053,2006-10-02T00:00:00,2026-09-16T10:49:11,58,revise,active
15800039,soadagjg,,,Connaught Gardens,,,,,,Caulfield Road,,,,opp,,E,E0042047,Shoeburyness,Southend-on-Sea,,Southend-on-Sea,,Shoeburyness,,0,UKOS,592383,185065,0.77228948,51.5317163,BCT,MKD,OTH,,,,053,2006-10-02T00:00:00,2026-09-16T10:49:11,58,revise,active
15800040,soadagjm,,,Caulfield Road,,,,,,Caulfield Road,,,,E-bound,,E,E0042047,Shoeburyness,Southend-on-Sea,,Southend-on-Sea,,Shoeburyness,,0,UKOS,592114,184985,0.76835806,51.5310897,BCT,MKD,OTH,,,,053,2006-10-02T00:00:00,2026-09-16T10:49:11,6,revise,active
15800041,soadapmg,,,Maplin Way,,,,,,Caulfield Road,,,,W-bound,,W,E0042047,Shoeburyness,Southend-on-Sea,,Southend-on-Sea,,Shoeburyness,,0,UKOS,592164,184993,0.76909623,51.5311352,BCT,MKD,OTH,,,,053,2006-10-02T00:00:00,2026-09-16T10:49:11,8,revise,active
15800042,soadagmj,,,Shoebury Sports Centre,,,,Shoebury High - Secondary,,Delaware Road,,,,o/s,,W,E0042047,Shoeburyness,Southend-on-Sea,,Southend-on-Sea,,Shoeburyness,,0,UKOS,592630,185383,0.77601937,51.5344791,BCT,MKD,OTH,,,,053,2006-10-02T00:00:00,2026-09-16T10:49:11,56,revise,active
15800043,soadagmp,,,Shoebury Sports Centre,,,,Shoebury High - Secondary,,Delaware Road,,,,opp,,E,E0042047,Shoeburyness,Southend-on-Sea,,Southend-on-Sea,,Shoeburyness,,0,UKOS,592653,185387,0.77633836,51.5345075,BCT,MKD,OTH,,,,053,2006-10-02T00:00:00,2023-07-31T08:06:22,56,revise,active
15800044,soadagmd,,,Thorpedene School,,,,Thorpedene Infant & Junior - Primary,,Delaware Road,,,,opp,,E,E0042047,Shoeburyness,Southend-on-Sea,,Southend-on-Sea,,Shoeburyness,,0,UKOS,592441,185427,0.77330738,51.5349390,BCT,MKD,OTH,,,,053,2006-10-02T00:00:00,2023-07-31T08:06:22,56,revise,active
15800045,soadagmg,,,Thorpedene School,,,,Thorpedene Infant & Junior - Primary,,Delaware Road,,,,o/s,,W,E0042047,Shoeburyness,Southend-on-Sea,,Southend-on-Sea,,Shoeburyness,,0,UKOS,592420,185418,0.77300060,51.5348743,BCT,MKD,OTH,,,,053,2006-10-02T00:00:00,2026-09-16T10:49:11,56,revise,active
15800046,soadagjw,,,Thorpedene Library,,,,Thorpedene Infant & Junior - Primary,,Delaware Road,,,,NW-bound,,NW,E0042047,Shoeburyness,Southend-on-Sea,,Southend-on-Sea,,Shoeburyness,,0,UKOS,592159,185477,0.76928816,51.5354837,BCT,MKD,OTH,,,,053,2006-10-02T00:00:00,2026-09-16T10:49:11,58,revise,active
15800047,soadagma,,,Thorpedene Library,,,,Thorpedene Infant & Junior - Primary,,Delaware Road,,,,SE-bound,,SE,E0042047,Shoeburyness,Southend-on-Sea,,Southend-on-Sea,,Shoeburyness,,0,UKOS,592195,185471,0.76978890,51.5354179,BCT,MKD,OTH,,,,053,2006-10-02T00:00:00,2023-07-31T08:06:22,57,revise,active
15800048,soadagmt,,,Shoebury Park,,,,,,North Shoebury Road,,,,opp,,N,E0042043,North Shoebury,Shoeburyness,,Southend-on-Sea,,North Shoebury,,0,UKOS,592901,185617,0.78004989,51.5364882,BCT,MKD,OTH,,,,053,2006-10-02T00:00:00,2026-09-16T10:49:11,58,revise,active
15800049,soadgajt,,,Shoebury Park,,,,,,North Shoebury Road,,,,o/s,,S,E0042043,North Shoebury,Shoeburyness,,Southend-on-Sea,,North Shoebury,,0,UKOS,592910,185670,0.78019412,51.5369614,BCT,MKD,OTH,,,,053,2006-10-02T00:00:00,2023-07-31T08:06:22,56,revise,active
15800050,soadagtg,,,Waterloo Road,,,,,,Ness Road,,,,opp,,S,E0042047,Shoeburyness,Southend-on-Sea,,Southend-on-Sea,,Shoeburyness,,0,UKOS,593006,185242,0.78135711,51.5330935,BCT,MKD,OTH,,,,053,2006-10-02T00:00:00,2026-09-16T10:49:11,58,revise,active
15800051,soadgajw,,,Waterloo Road,,,,,,Ness Road,,,,adj,,N,E0042047,Shoeburyness,Southend-on-Sea,,Southend-on-Sea,,Shoeburyness,,0,UKOS,592996,185253,0.78121859,51.5331867,BCT,MKD,OTH,,,,053,2006-10-02T00:00:00,2026-09-16T10:49:11,59,revise,active
15800052,soadagtj,,,Campfield Road,,,,Health Centre/Industrial,,Ness Road,,,,opp,,NW,E0042047,Shoeburyness,Southend-on-Sea,,Southend-on-Sea,,Shoeburyness,,1,UKOS,593135,185001,0.78294846,51.5310501,BCT,MKD,OTH,,,,053,2006-10-02T00:00:00,2026-09-16T10:49:11,63,revise,active
15800053,soadagtm,,,Campfield Road,,,,Health Centre/Industrial,,Ness Road,,,,adj,,S,E0042047,Shoeburyness,Southend-on-Sea,,Southend-on-Sea,,Shoeburyness,,1,UKOS,593148,184935,0.78320441,51.5300457,BCT,MKD,OTH,,,,053,2006-10-02T00:00:00,2026-09-16T10:49:11,61,revise,active
15800054,soadagtp,,,Ness Road,,,,,,Ness Road,,,,N-bound,,N,E0042047,Shoeburyness,Southend-on-Sea,,Southend-on-Sea,,Shoeburyness,,0,UKOS,593068,184649,0.78192451,51.5277377,BCT,MKD,OTH,,,,053,2026-09-24T07:38:35,2026-09-24T07:38:35,0,new,active
15800055,soadgpwt,,,Ness Road,,,,,,Ness Road,,,,S-bound,,S,E0042047,Shoeburyness,Southend-on-Sea,,Southend-on-Sea,,Shoeburyness,,0,UKOS,593081,184577,0.78205785,51.5270870,BCT,MKD,OTH,,,,053,2026-09-24T07:38:35,2026-09-24T07:38:35,0,new,active
15800056,soadagwp,,,The Shore House,,,,,,Shoebury Common Road,,,,o/s,,W,E0042047,Shoeburyness,Southend-on-Sea,,Southend-on-Sea,,Shoeburyness,,0,UKOS,592599,184239,0.77494843,51.5242245,BCT,MKD,OTH,,,,053,2006-10-02T00:00:00,2026-09-16T10:49:11,8,revise,active
15800057,soadagwt,,,The Shore House,,,,,,Shoebury Common Road,,,,opp,,E,E0042047,Shoeburyness,Southend-on-Sea,,Southend-on-Sea,,Shoeburyness,,0,UKOS,592639,184236,0.77552212,51.5241750,BCT,MKD,OTH,,,,053,2006-10-02T00:00:00,2026-09-16T10:49:11,9,revise,active
15800058,soadgtja,,,Thorpe Esplanade,,,,,,Shoebury Common Road,,,,E-bound,,E,E0042047,Shoeburyness,Southend-on-Sea,,Southend-on-Sea,,Shoeburyness,,0,UKOS,592163,184410,0.76874962,51.5259000,BCT,MKD,OTH,,,,053,2006-10-02T00:00:00,2024-04-22T06:51:12,7,revise,active
15800059,soadgapj,,,High Street,,,,,,Smith Street,,,,NW-bound,,NW,E0042047,Shoeburyness,Southend-on-Sea,,Southend-on-Sea,,Shoeburyness,,0,UKOS,593919,184852,0.79379356,51.5294251,BCT,MKD,OTH,,,,053,2006-10-02T00:00:00,2026-09-16T10:49:11,62,revise,active
15800060,soadajag,,,Artillery Mews,,,,,,Campfield Road,,,,opp,,NE,E0042047,Shoeburyness,Southend-on-Sea,,Southend-on-Sea,,Shoeburyness,,1,UKOS,593537,184961,0.78883455,51.5303886,BCT,MKD,OTH,,,,053,2006-10-02T00:00:00,2026-09-16T10:49:11,61,revise,active
15800061,soadajaj,,,Artillery Mews,,,,,,Campfield Road,,,,o/s,,W,E0042047,Shoeburyness,Southend-on-Sea,,Southend-on-Sea,,Shoeburyness,,1,UKOS,593562,184962,0.78919507,51.5303890,BCT,MKD,OTH,,,,053,2006-10-02T00:00:00,2026-09-16T10:49:11,59,revise,active
15800062,soadajad,,,Shoebury Health Centre,,,,Health Centre,,Campfield Road,,,,o/s,,SE,E0042047,Shoeburyness,Southend-on-Sea,,Southend-on-Sea,,Shoeburyness,,1,UKOS,593207,184965,0.78408518,51.5305374,BCT,MKD,OTH,,,,053,2006-10-02T00:00:00,2026-09-16T10:49:11,8,revise,inactive
15800063,soadagtw,,,Church Road,,,,,,Church Road,,,,W-bound,,W,E0042047,Shoeburyness,Southend-on-Sea,,Southend-on-Sea,,Shoeburyness,,0,UKOS,593036,184619,0.78144735,51.5274792,BCT,MKD,OTH,,,,053,2026-09-24T07:38:35,2026-09-24T07:38:35,0,new,active
15800064,soadagwa,,,Waterford Road,,,,,,Church Road,,,,opp,,E,E0042047,Shoeburyness,Southend-on-Sea,,Southend-on-Sea,,Shoeburyness,,0,UKOS,592795,184644,0.77799169,51.5277950,BCT,MKD,OTH,,,,053,2006-10-02T00:00:00,2026-09-16T10:49:11,58,revise,active
15800065,soadagwd,,,Waterford Road,,,,,,Church Road,,,,adj,,W,E0042047,Shoeburyness,Southend-on-Sea,,Southend-on-Sea,,Shoeburyness,,0,UKOS,592701,184626,0.77661404,51.5276657,BCT,MKD,OTH,,,,053,2006-10-02T00:00:00,2026-09-16T10:49:11,58,revise,active
15800066,soadagwg,,,Cranley Gardens,,,,,,Church Road,,,,adj,,E,E0042047,Shoeburyness,Southend-on-Sea,,Southend-on-Sea,,Shoeburyness,,0,UKOS,592500,184627,0.77373444,51.5277339,BCT,MKD,OTH,,,,053,2006-10-02T00:00:00,2026-09-16T10:49:11,57,revise,active
15800067,soadagwj,,,Cranley Gardens,,,,,,Church Road,,,,opp,,W,E0042047,Shoeburyness,Southend-on-Sea,,Southend-on-Sea,,Shoeburyness,,0,UKOS,592427,184616,0.77266353,51.5276693,BCT,MKD,OTH,,,,053,2006-10-02T00:00:00,2026-09-16T10:49:11,57,revise,active
15800068,soadagwm,,,Pentland Avenue,,,,,,Church Road,,,,adj,,E,E0042047,Shoeburyness,Southend-on-Sea,,Southend-on-Sea,,Shoeburyness,,0,UKOS,592218,184611,0.76966547,51.5276862,BCT,MKD,OTH,,,,053,2006-10-02T00:00:00,2026-09-16T10:49:11,58,revise,active
15800069,soadgama,,,Pentland Avenue,,,,,,Church Road,,,,opp,,W,E0042047,Shoeburyness,Southend-on-Sea,,Southend-on-Sea,,Shoeburyness,,0,UKOS,592170,184600,0.76895397,51.5276040,BCT,MKD,OTH,,,,053,2006-10-02T00:00:00,2023-07-31T08:06:22,57,revise,active
15800070,soadagpt,,,Appledore,,,,,,Maplin Way North,,,,adj,,SW,E0042049,Thorpe Bay,Southend-on-Sea,,Southend-on-Sea,,Thorpe Bay,,0,UKOS,592266,186205,0.77121192,51.5419857,BCT,CUS,OTH,,,,053,2006-10-02T00:00:00,2024-03-26T09:33:20,1,revise,inactive
15800071,soadagpw,,,Appledore,,,,,,Maplin Way North,,,,opp,,NE,E0042049,Thorpe Bay,Southend-on-Sea,,Southend-on-Sea,,Thorpe Bay,,0,UKOS,592246,186187,0.77091459,51.5418398,BCT,CUS,OTH,,,,053,2006-10-02T00:00:00,2026-09-16T10:49:11,2,revise,inactive
15800072,soadagta,,,Bishopsteignton,,,,,,Maplin Way North,,,,adj,,S,E0042049,Thorpe Bay,Southend-on-Sea,,Southend-on-Sea,,Thorpe Bay,,0,UKOS,592155,185872,0.76944598,51.5390325,BCT,CUS,OTH,,,,053,2006-10-02T00:00:00,2026-09-16T10:49:11,2,revise,inactive
15800073,soadagtd,,,Bishopsteignton,,,,,,Maplin Way North,,,,opp,,N,E0042049,Thorpe Bay,Southend-on-Sea,,Southend-on-Sea,,Thorpe Bay,,0,UKOS,592151,185834,0.76935380,51.5387019,BCT,CUS,OTH,,,,053,2006-10-02T00:00:00,2026-09-16T10:49:11,2,revise,inactive
15800074,soadagjp,,,Thorpedene Library,,,,Thorpedene Infant & Junior - Primary associa,,Maplin Way,,,,S-bound,,S,E0042047,Shoeburyness,Southend-on-Sea,,Southend-on-Sea,,Shoeburyness,,0,UKOS,592098,185428,0.76836916,51.5350737,BCT,MKD,OTH,,,,053,2006-10-02T00:00:00,2026-09-16T10:49:11,58,revise,active
15800075,soadagjt,,,Thorpedene Library,,,,Thorpedene Infant & Junior - Primary associa,,Maplin Way,,,,N-bound,,N,E0042047,Shoeburyness,Southend-on-Sea,,Southend-on-Sea,,Shoeburyness,,0,UKOS,592097,185449,0.76838006,51.5352533,BCT,MKD,OTH,,,,053,2006-10-02T00:00:00,2026-09-16T10:49:11,58,revise,active
15800076,soadgtgw,,,Leitrim Avenue,,,,,,Maplin Way,,,,opp,,N,E0042047,Shoeburyness,Southend-on-Sea,,Southend-on-Sea,,Shoeburyness,,0,UKOS,592124,184454,0.76821210,51.5263085,BCT,MKD,OTH,,,,053,2006-10-02T00:00:00,2024-04-22T06:51:12,8,revise,active
15800077,soadgtjm,,,Star Lane,,,,,,Poynters Lane,,,,adj,,E,E0042043,North Shoebury,Shoeburyness,,Southend-on-Sea,,North Shoebury,,0,UKOS,593280,186733,0.78612065,51.5463901,BCT,MKD,OTH,,,,053,2006-10-02T00:00:00,2026-09-16T10:49:11,8,revise,active
15800078,soadgtjp,,,Poynters Lane,,,,,,Poynters Lane,,,,W-bound,,W,E0042043,North Shoebury,Shoeburyness,,Southend-on-Sea,,North Shoebury,,0,UKOS,593297,186731,0.78636442,51.5463664,BCT,MKD,OTH,,,,053,2006-10-02T00:00:00,2026-09-16T10:49:11,7,revise,active
15800079,soadajdg,,,North Shoebury Corner,,,,Parsons Corner,,North Shoebury Road,,,,NE-bound,,NE,E0042043,North Shoebury,Shoeburyness,,Southend-on-Sea,,North Shoebury,,0,UKOS,592660,186543,0.77739427,51.5449783,BCT,MKD,OTH,,,,053,2006-10-02T00:00:00,2026-09-16T10:49:11,60,revise,active
15800080,soadgamd,,,North Shoebury Corner,,,,Parsons Corner,,Bournes Green Chase,,,,W-bound,,W,E0042043,North Shoebury,Shoeburyness,,Southend-on-Sea,,North Shoebury,,0,UKOS,592632,186510,0.77665004,51.5446002,BCT,MKD,OTH,,,,053,2006-10-02T00:00:00,2023-07-31T08:06:22,56,revise,active
15800081,soadajdj,,,Maplin Way North,,,,,,Bournes Green Chase,,,,opp,,E,E0042038,Bournes Green,Southend-on-Sea,,Southend-on-Sea,,Bournes Green,,0,UKOS,592221,186417,0.77069445,51.5439136,BCT,MKD,OTH,,,,053,2006-10-02T00:00:00,2026-09-16T10:49:11,58,revise,active
15800082,soadgamg,,,Maplin Way North,,,,,,Bournes Green Chase,,,,adj,,W,E0042038,Bournes Green,Southend-on-Sea,,Southend-on-Sea,,Bournes Green,,0,UKOS,592267,186427,0.77134751,51.5439791,BCT,MKD,OTH,,,,053,2006-10-02T00:00:00,2023-07-31T08:06:22,57,revise,active
15800083,soadajdm,,,Brankscombe Walk,,,,,,Bournes Green Chase,,,,opp,,E,E0042038,Bournes Green,Southend-on-Sea,,Southend-on-Sea,,Bournes Green,,0,UKOS,591780,186376,0.76430536,51.5436867,BCT,MKD,OTH,,,,053,2006-10-02T00:00:00,2023-07-31T08:06:22,57,revise,active
15800084,soadapjg,,,Brankscombe Walk,,,,,,Bournes Green Chase,,,,adj,,W,E0042038,Bournes Green,Southend-on-Sea,,Southend-on-Sea,,Bournes Green,,0,UKOS,591745,186372,0.76417192,51.5436269,BCT,MKD,OTH,,,,053,2006-10-02T00:00:00,2026-09-16T10:49:11,59,revise,active
15800085,soadajdp,,,LA Fitness,,,,Bournes Green,,Bournes Green Chase,,,,W-bound,,W,E0042038,Bournes Green,Southend-on-Sea,,Southend-on-Sea,,Bournes Green,,0,UKOS,591366,186430,0.75837178,51.5443120,BCT,MKD,OTH,,,,053,2006-10-02T00:00:00,2023-07-31T08:06:22,57,revise,active
15800086,soadajdt,,,LA Fitness,,,,Thorpe Hall school - Secondary associated,,Bournes Green Chase,,,,E-bound,,E,E0042038,Bournes Green,Southend-on-Sea,,Southend-on-Sea,,Bournes Green,,0,UKOS,591347,186439,0.75856174,51.5443525,BCT,MKD,OTH,,,,053,2006-10-02T00:00:00,2026-09-16T10:49:11,58,revise,active
15800087,soadgamj,,,Bournes Green Roundabout,,,,Bournes Green,,Southchurch Boulevard,,,,E-bound,,E,E0042038,Bournes Green,Southend-on-Sea,,Southend-on-Sea,,Bournes Green,,0,UKOS,591058,186394,0.75393038,51.5440927,BCT,MKD,OTH,,,,053,2006-10-02T00:00:00,2026-09-16T10:49:11,62,revise,active
15800088,soadapaw,,,Rose Inn,,,,rural area,,Wakering Road,,,,o/s,,N,E0042038,Bournes Green,Southend-on-Sea,,Southend-on-Sea,,Bournes Green,,1,UKOS,591486,187320,0.76058420,51.5522644,BCT,CUS,OTH,,,,053,2006-10-02T00:00:00,2023-07-31T08:06:22,56,revise,active
15800089,soadgwgm,,,Rose Inn,,,,rural area,,Wakering Road,,,,opp,,SW,E0042038,Bournes Green,Southend-on-Sea,,Southend-on-Sea,,Bournes Green,,1,UKOS,591512,187358,0.76097997,51.5526059,BCT,MKD,OTH,,,,053,2006-10-02T00:00:00,2026-09-16T10:49:11,58,revise,active
15800090,soadgtjt,,,Alleyn Court School,,,,Private - Allwyn school - Primary,,Wakering Road,,,,opp,,N,E0042038,Bournes Green,Southend-on-Sea,,Southend-on-Sea,,Bournes Green,,1,UKOS,591340,187084,0.75835267,51.5501944,BCT,MKD,OTH,,,,053,2006-10-02T00:00:00,2023-07-31T08:06:22,56,revise,active
15800091,soadgtjw,,,Alleyn Court School,,,,Private - Allwyn school - Primary,,Wakering Road,,,,o/s,,S,E0042038,Bournes Green,Southend-on-Sea,,Southend-on-Sea,,Bournes Green,,1,UKOS,591349,187092,0.75848720,51.5502722,BCT,MKD,OTH,,,,053,2006-10-02T00:00:00,2026-09-16T10:49:11,56,revise,active
15800092,soadgtma,,,LA Fitness,,,,Sport Centre - Private Thorpe Hall - Secondary/P,,Wakering Road,,,,S-bound,,S,E0042038,Bournes Green,Southend-on-Sea,,Southend-on-Sea,,Bournes Green,,0,UKOS,591282,186539,0.75722109,51.5453194,BCT,MKD,OTH,,,,053,2006-10-02T00:00:00,2023-07-31T08:06:22,56,revise,active
15800093,soadgwgp,,,LA Fitness,,,,Sport Centre - Private Thorpe Hall,,Wakering Road,,,,N-bound,,NE,E0042038,Bournes Green,Southend-on-Sea,,Southend-on-Sea,,Bournes Green,,0,UKOS,591277,186551,0.75715559,51.5454289,BCT,MKD,OTH,,,,053,2006-10-02T00:00:00,2023-07-31T08:06:22,57,revise,active
15800094,soadajam,,,Marcus Avenue,,,,,,Station Road,,,,opp,,E,E0042049,Thorpe Bay,Southend-on-Sea,,Southend-on-Sea,,Thorpe Bay,,1,UKOS,591967,185587,0.76656878,51.5365372,BCT,MKD,OTH,,,,053,2006-10-02T00:00:00,2023-07-31T08:06:22,57,revise,active
15800095,soadgajg,,,Marcus Avenue,,,,,,Station Road,,,,adj,,W,E0042049,Thorpe Bay,Southend-on-Sea,,Southend-on-Sea,,Thorpe Bay,,1,UKOS,591986,185577,0.76683695,51.5364409,BCT,MKD,OTH,,,,053,2006-10-02T00:00:00,2023-07-31T08:06:22,57,revise,active
15800096,soadgajm,,,Thorpe Bay Railway Station,,,,Thorpe Bay Stn,,Acacia Drive,,,,o/s,,E,E0042049,Thorpe Bay,Southend-on-Sea,,Southend-on-Sea,,Thorpe Bay,,1,UKOS,591548,185658,0.76058780,51.5373167,BCT,MKD,OTH,,,,053,2006-10-02T00:00:00,2026-09-16T10:49:11,61,revise,active
15800097,soadgajp,,,Thorpe Bay Railway Station,,,,Thorpe Bay Stn,,Acacia Drive,,,,opp,,W,E0042049,Thorpe Bay,Southend-on-Sea,,Southend-on-Sea,,Thorpe Bay,,1,UKOS,591692,185622,0.76262758,51.5369449,BCT,MKD,OTH,,,,053,2006-10-02T00:00:00,2023-07-31T08:06:22,61,revise,active
15800098,soadajap,,,Willingale Way,,,,,,Thorpe Hall Avenue,,,,adj,,NE,E0042049,Thorpe Bay,Southend-on-Sea,,Southend-on-Sea,,Thorpe Bay,,0,UKOS,591292,185752,0.75693826,51.5382570,BCT,MKD,OTH,,,,053,2006-10-02T00:00:00,2026-09-16T10:49:11,8,revise,active
15800099,soadajda,,,Barnstaple Road,,,,,,Thorpe Hall Avenue,,,,adj,,SW,E0042049,Thorpe Bay,Southend-on-Sea,,Southend-on-Sea,,Thorpe Bay,,0,UKOS,591322,185750,0.75738308,51.5382196,BCT,MKD,OTH,,,,053,2006-10-02T00:00:00,2026-09-16T10:49:11,8,revise,active
15800100,soadajat,,,Thorpe Hall Close,,,,,,Thorpe Hall Avenue,,,,adj,,N,E0042049,Thorpe Bay,Southend-on-Sea,,Southend-on-Sea,,Thorpe Bay,,0,UKOS,591276,185993,0.75683815,51.5404178,BCT,MKD,OTH,,,,053,2006-10-02T00:00:00,2014-04-07T10:17:27,7,revise,active
15800101,soadajaw,,,Burlescoombe Road,,,,,,Thorpe Hall Avenue,,,,adj,,S,E0042049,Thorpe Bay,Southend-on-Sea,,Southend-on-Sea,,Thorpe Bay,,0,UKOS,591314,185961,0.75736806,51.5401176,BCT,MKD,OTH,,,,053,2006-10-02T00:00:00,2014-04-07T10:17:27,6,revise,active
15800102,soadapjd,,,Bournes Green Roundabout,,,,Bournes Green,,Thorpe Hall Avenue,,,,S-bound,,S,E0042038,Bournes Green,Southend-on-Sea,,Southend-on-Sea,,Bournes Green,,0,UKOS,591167,186359,0.75563574,51.5434320,BCT,MKD,OTH,,,,053,2006-10-02T00:00:00,2026-09-16T10:49:11,61,revise,active
15800103,soadajmt,,,Bournes Green Roundabout,,,,Thorpe Bay - Secondary associated,,Southchurch Boulevard,,,,W-bound,,W,E0042038,Bournes Green,Southend-on-Sea,,Southend-on-Sea,,Bournes Green,,0,UKOS,591071,186364,0.75410189,51.5438278,BCT,MKD,OTH,,,,053,2006-10-02T00:00:00,2026-09-16T10:49:11,60,revise,active
15800104,soadajmp,,,The Thorpe Bay School,,,,Thorpe Bay - Secondary,,Southchurch Boulevard,,,,opp,,E,E0042048,Southchurch,Southend-on-Sea,,Southend-on-Sea,,Southchurch,,0,UKOS,590829,186311,0.75057316,51.5434340,BCT,MKD,OTH,,,,053,2006-10-02T00:00:00,2026-09-16T10:49:11,58,revise,active
15800105,soadgadg,,,The Thorpe Bay School,,,,Thorpe Bay - Secondary,,Southchurch Boulevard,,,,o/s,,W,E0042048,Southchurch,Southend-on-Sea,,Southend-on-Sea,,Southchurch,,0,UKOS,590848,186284,0.75014820,51.5430842,BCT,MKD,OTH,,,,053,2006-10-02T00:00:00,2026-09-16T10:49:11,58,revise,active
15800106,soadapjw,,,Wick Chase,,,,S'nd Girls Sch,,Southchurch Boulevard,,,,adj,,E,E0042048,Southchurch,Southend-on-Sea,,Southend-on-Sea,,Southchurch,,0,UKOS,590618,186247,0.74714889,51.5428577,BCT,MKD,OTH,,,,053,2006-10-02T00:00:00,2026-09-16T10:49:11,10,revise,active
15800107,soadajmw,,,Southend High for Girls,,,,S'nd Girls Sch,,Southchurch Boulevard,,,,Stop A,,W,E0042048,Southchurch,Southend-on-Sea,,Southend-on-Sea,,Southchurch,,0,UKOS,590522,186183,0.74609652,51.5423877,BCT,MKD,OTH,,,,053,2006-10-02T00:00:00,2026-09-16T10:49:11,60,revise,active
15800108,soadajmj,,,Arlington Road,,,,,,Southchurch Boulevard,,,,adj,,E,E0042048,Southchurch,Southend-on-Sea,,Southend-on-Sea,,Southchurch,,1,UKOS,590404,186192,0.74438743,51.5425087,BCT,MKD,OTH,,,,053,2006-10-02T00:00:00,2026-09-16T10:49:11,58,revise,active
15800109,soadajpa,,,Arlington Road,,,,Southend High Girls - Secondary associated,,Southchurch Boulevard,,,,opp,,W,E0042048,Southchurch,Southend-on-Sea,,Southend-on-Sea,,Southchurch,,1,UKOS,590353,186147,0.74364242,51.5421124,BCT,MKD,OTH,,,,053,2006-10-02T00:00:00,2026-09-16T10:49:11,58,revise,active
15800110,soadgada,,,The White Horse PH,,,,Shops,,Southchurch Boulevard,,,,NE-bound,,NE,E0042048,Southchurch,Southend-on-Sea,,Southend-on-Sea,,Southchurch,,1,UKOS,590010,186118,0.73868656,51.5419674,BCT,MKD,OTH,,,,053,2006-10-02T00:00:00,2026-09-16T10:49:11,59,revise,active
15800111,soadawtw,,,The White Horse PH,,,,White Horse,,Southchurch Road,,,,W-bound,,W,E0042048,Southchurch,Southend-on-Sea,,Southend-on-Sea,,Southchurch,,1,UKOS,589947,186063,0.73774952,51.5414946,BCT,MKD,OTH,,,,053,2006-10-02T00:00:00,2026-09-16T10:49:11,59,revise,active
15800112,soadajma,,,Surbiton Road,,,,Shops,,Southchurch Road,,,,adj,,E,E0042048,Southchurch,Southend-on-Sea,,Southend-on-Sea,,Southchurch,,1,UKOS,589753,186005,0.73490972,51.5410393,BCT,MKD,OTH,,,,053,2006-10-02T00:00:00,2014-04-07T10:17:27,6,revise,active
15800113,soadawtp,,,Surbiton Avenue,,,,Shops,,Southchurch Road,,,,adj,,W,E0042048,Southchurch,Southend-on-Sea,,Southend-on-Sea,,Southchurch,,1,UKOS,589704,185980,0.73363785,51.5407541,BCT,MKD,OTH,,,,053,2006-10-02T00:00:00,2026-09-16T10:49:11,8,revise,active
15800114,soadajgt,,,Ilfracombe Avenue,,,,Shops,,Southchurch Road,,,,adj,,W,E0042048,Southchurch,Southend-on-Sea,,Southend-on-Sea,,Southchurch,,0,UKOS,589490,185933,0.73108308,51.5404809,BCT,MKD,OTH,,,,053,2006-10-02T00:00:00,2023-07-31T08:06:22,58,revise,active
15800115,soadajgw,,,Ilfracombe Road,,,,Shops,,Southchurch Road,,,,adj,,E,E0042048,Southchurch,Southend-on-Sea,,Southend-on-Sea,,Southchurch,,0,UKOS,589535,185951,0.73174142,51.5406365,BCT,MKD,OTH,,,,053,2006-10-02T00:00:00,2026-09-16T10:49:11,58,revise,active
15800116,soadapjp,,,Sacred Heart Schools,,,,Sacred Heart -Catholic - Primary,,Southchurch Road,,,,o/s,,W,E0042048,Southchurch,Southend-on-Sea,,Southend-on-Sea,,Southchurch,,0,UKOS,589151,185879,0.72617161,51.5401095,BCT,MKD,OTH,,,,053,2006-10-02T00:00:00,2014-04-07T10:17:27,5,revise,active
15800117,soadajgp,,,Christchurch Road,,,,Sacred Heart -Catholic - Secondary,,Southchurch Road,,,,E-bound,,E,E0042048,Southchurch,Southend-on-Sea,,Southend-on-Sea,,Southchurch,,0,UKOS,589202,185891,0.72692752,51.5402089,BCT,MKD,OTH,,,,053,2006-10-02T00:00:00,2026-09-16T10:49:11,6,revise,active
15800118,soadajgj,,,Southchurch Avenue cnr,,,,Porters Grange - Primary,,Southchurch Road,,,,adj,,W,E0042048,Southchurch,Southend-on-Sea,,Southend-on-Sea,,Southchurch,,0,UKOS,588917,185865,0.72279391,51.5400621,BCT,MKD,OTH,,,,053,2006-10-02T00:00:00,2023-07-31T08:06:22,60,revise,active
15800119,soadajgm,,,Southchurch Avenue cnr,,,,Porters Grange - Primary,,Southchurch Road,,,,opp,,E,E0042048,Southchurch,Southend-on-Sea,,Southend-on-Sea,,Southchurch,,0,UKOS,588998,185880,0.72398296,51.5401694,BCT,MKD,OTH,,,,053,2006-10-02T00:00:00,2026-09-16T10:49:11,60,revise,active
15800120,soadajgd,,,Nicholson House,,,,Nicholson House / Adult learning centre,,Southchurch Road,,,,o/s,,E,E0042048,Southchurch,Southend-on-Sea,,Southend-on-Sea,,Southchurch,,0,UKOS,588730,185867,0.72011611,51.5401422,BCT,MKD,OTH,,,,053,2006-10-02T00:00:00,2026-09-16T10:49:11,6,revise,active
15800121,soadapjm,,,Tyrrel Drive,,,,Adult learning centre,,Southchurch Road,,,,adj,,W,E0042048,Southchurch,Southend-on-Sea,,Southend-on-Sea,,Southchurch,,0,UKOS,588703,185856,0.71970748,51.5400618,BCT,MKD,OTH,,,,053,2006-10-02T00:00:00,2026-09-16T10:49:11,8,revise,active
15800122,soadgmgp,,,Sutton Arms,,,,,,Southchurch Road,,,,Stop T,,E,E0057248,Southend-on-Sea,,,Southend-on-Sea,,,,1,UKOS,588368,185860,0.71488422,51.5402005,BCT,MKD,OTH,,,,053,2006-10-02T00:00:00,2006-10-02T00:00:00,0,delete,inactive
15800123,soadgmgt,,,Sutton Arms,,,,,,Southchurch Road,,,,Stop S,,E,E0057248,Southend-on-Sea,,,Southend-on-Sea,,,,1,UKOS,588346,185857,0.71458016,51.5401806,BCT,MKD,OTH,,,,053,2006-10-02T00:00:00,2026-09-16T10:49:11,2,revise,inactive
15800124,soadamwp,,,Sutton Arms,,,,,,Southchurch Road,,,,Stop U,,W,E0057248,Southend-on-Sea,,,Southend-on-Sea,,,,1,UKOS,588350,185845,0.71461695,51.5400718,BCT,MKD,OTH,,,,053,2006-10-02T00:00:00,2024-03-26T09:33:20,4,revise,inactive
15800125,soadgajd,,,The White Horse PH,,,,Shops,,Lifstan Way,,,,S-bound,,S,E0042048,Southchurch,Southend-on-Sea,,Southend-on-Sea,,Southchurch,,1,UKOS,589993,186058,0.73840935,51.5414343,BCT,MKD,OTH,,,,053,2006-10-02T00:00:00,2026-09-16T10:49:11,58,revise,active
15800126,soadapjt,,,Lifstan Way Bridge,,,,,,Lifstan Way,,,,S-bound,,S,E0042048,Southchurch,Southend-on-Sea,,Southend-on-Sea,,Southchurch,,0,UKOS,590116,185763,0.74000727,51.5387438,BCT,MKD,OTH,,,,053,2006-10-02T00:00:00,2023-07-31T08:06:22,56,revise,active
15800127,soadajmd,,,Lifstan Way Bridge,,,,,,Lifstan Way,,,,N-bound,,N,E0042048,Southchurch,Southend-on-Sea,,Southend-on-Sea,,Southchurch,,0,UKOS,590106,185765,0.73987927,51.5387738,BCT,MKD,OTH,,,,053,2006-10-02T00:00:00,2026-09-16T10:49:11,58,revise,active
15800128,soadajmg,,,Woodgrange Drive,,,,,,Lifstan Way,,,,N-bound,,N,E0042048,Southchurch,Southend-on-Sea,,Southend-on-Sea,,Southchurch,,0,UKOS,590142,185530,0.74027037,51.5366421,BCT,CUS,OTH,,,,053,2006-10-02T00:00:00,2026-09-16T10:49:11,5,revise,inactive
15800129,soadgwgt,,,Woodgrange Drive,,,,,,Lifstan Way,,,,S-bound,,S,E0042048,Southchurch,Southend-on-Sea,,Southend-on-Sea,,Southchurch,,0,UKOS,590156,185518,0.74045165,51.5365389,BCT,CUS,OTH,,,,053,2006-10-02T00:00:00,2026-09-16T10:49:11,2,revise,inactive
15800130,soadajpd,,,Shaftsbury Avenue,,,,,,Lifstan Way,,,,S-bound,,S,E0042048,Southchurch,Southend-on-Sea,,Southend-on-Sea,,Southchurch,,0,UKOS,590131,184966,0.73980765,51.5315804,BCT,CUS,OTH,,,,053,2006-10-02T00:00:00,2026-09-16T10:49:11,2,revise,inactive
15800131,soadgwgw,,,Shaftsbury Avenue,,,,,,Lifstan Way,,,,N-bound,,N,E0042048,Southchurch,Southend-on-Sea,,Southend-on-Sea,,Southchurch,,0,UKOS,590124,184975,0.73969785,51.5316729,BCT,CUS,OTH,,,,053,2006-10-02T00:00:00,2026-09-16T10:49:11,2,revise,inactive
15800132,soadgaja,,,Northumberland Crescent,,,,,,Lifstan Way,,,,opp,,S,E0042048,Southchurch,Southend-on-Sea,,Southend-on-Sea,,Southchurch,,0,UKOS,590127,185132,0.73982521,51.5330730,BCT,CUS,OTH,,,,053,2006-10-02T00:00:00,2024-03-26T09:33:20,1,revise,inactive
15800133,soadgwja,,,Northumberland Crescent,,,,,,Lifstan Way,,,,adj,,N,E0042048,Southchurch,Southend-on-Sea,,Southend-on-Sea,,Southchurch,,0,UKOS,590120,185125,0.73972117,51.5330215,BCT,CUS,OTH,,,,053,2006-10-02T00:00:00,2026-09-16T10:49:11,2,revise,inactive
15800134,soadawtd,,,Thorpe Hall Avenue,,,,,,Woodgrange Drive,,,,W-bound,,W,E0042049,Thorpe Bay,Southend-on-Sea,,Southend-on-Sea,,Thorpe Bay,,0,UKOS,591136,185711,0.75468324,51.5379323,BCT,MKD,OTH,,,,053,2006-10-02T00:00:00,2026-09-16T10:49:11,58,revise,active
15800135,soadajdw,,,Thorpe Hall Avenue,,,,,,Woodgrange Drive,,,,E-bound,,E,E0042049,Thorpe Bay,Southend-on-Sea,,Southend-on-Sea,,Thorpe Bay,,0,UKOS,591170,185712,0.75566037,51.5378733,BCT,MKD,OTH,,,,053,2006-10-02T00:00:00,2026-09-16T10:49:11,59,revise,active
15800136,soadawtg,,,Thurlow Drive,,,,,,Woodgrange Drive,,,,adj,,W,E0042048,Southchurch,Southend-on-Sea,,Southend-on-Sea,,Southchurch,,0,UKOS,590765,185764,0.74936952,51.5385426,BCT,MKD,OTH,,,,053,2006-10-02T00:00:00,2026-09-16T10:49:11,58,revise,active
15800137,soadawtj,,,Thurlow Drive,,,,,,Woodgrange Drive,,,,opp,,E,E0042048,Southchurch,Southend-on-Sea,,Southend-on-Sea,,Southchurch,,0,UKOS,590824,185766,0.75020590,51.5385410,BCT,MKD,OTH,,,,053,2006-10-02T00:00:00,2026-09-16T10:49:11,58,revise,active
15800138,soadajga,,,Butterys,,,,Thorpe Greenways Infant & Junior - Primary,,Woodgrange Drive,,,,adj,,NE,E0042048,Southchurch,Southend-on-Sea,,Southend-on-Sea,,Southchurch,,0,UKOS,590401,185667,0.74405991,51.5377856,BCT,MKD,OTH,,,,053,2006-10-02T00:00:00,2023-07-31T08:06:22,57,revise,active
15800139,soadawtm,,,Butterys,,,,Thorpe Greenways Infant & Junior - Primary,,Woodgrange Drive,,,,opp,,SW,E0042048,Southchurch,Southend-on-Sea,,Southend-on-Sea,,Southchurch,,0,UKOS,590395,185645,0.74396216,51.5375990,BCT,MKD,OTH,,,,053,2006-10-02T00:00:00,2026-09-16T10:49:11,58,revise,active
15800140,soadawmt,,,Lifstan Way,,,,Lifstan Way,,Woodgrange Drive,,,,W-bound,,W,E0042048,Southchurch,Southend-on-Sea,,Southend-on-Sea,,Southchurch,,0,UKOS,590135,185453,0.74012855,51.5359619,BCT,MKD,OTH,,,,053,2006-10-02T00:00:00,2026-09-16T10:49:11,60,revise,active
15800141,soadawmw,,,Lifstan Way,,,,Thorpe Greenways Infant & Junior - Primary,,Woodgrange Drive,,,,E-bound,,E,E0042048,Southchurch,Southend-on-Sea,,Southend-on-Sea,,Southchurch,,0,UKOS,590125,185462,0.73967150,51.5360355,BCT,MKD,OTH,,,,053,2006-10-02T00:00:00,2026-09-16T10:49:11,60,revise,active
15800142,soadawpa,,,Marlborough Road,,,,,,Woodgrange Drive,,,,E-bound,,E,E0042048,Southchurch,Southend-on-Sea,,Southend-on-Sea,,Southchurch,,0,UKOS,589903,185434,0.73676287,51.5358696,BCT,MKD,OTH,,,,053,2006-10-02T00:00:00,2026-09-16T10:49:11,58,revise,active
15800143,soadawpd,,,Marlborough Road,,,,,,Woodgrange Drive,,,,W-bound,,W,E0042048,Southchurch,Southend-on-Sea,,Southend-on-Sea,,Southchurch,,0,UKOS,589854,185422,0.73605022,51.5357693,BCT,MKD,OTH,,,,053,2006-10-02T00:00:00,2023-07-31T08:06:22,57,revise,active
15800144,soadawpg,,,Kensington Road,,,,Shops,,Woodgrange Drive,,,,SW-bound,,SW,E0042048,Southchurch,Southend-on-Sea,,Southend-on-Sea,,Southchurch,,0,UKOS,589618,185388,0.73264822,51.5355519,BCT,MKD,OTH,,,,053,2006-10-02T00:00:00,2026-09-16T10:49:11,60,revise,active
15800145,soadawpj,,,Kensington Road,,,,Sutton Road,,Woodgrange Drive,,,,NE-bound,,NE,E0042048,Southchurch,Southend-on-Sea,,Southend-on-Sea,,Southchurch,,0,UKOS,589623,185400,0.73271174,51.5356493,BCT,MKD,OTH,,,,053,2006-10-02T00:00:00,2023-07-31T08:06:22,59,revise,active
15800146,soadawpm,,,Arnold Avenue,,,,,,Woodgrange Drive,,,,opp,,E,E0042048,Southchurch,Southend-on-Sea,,Southend-on-Sea,,Southchurch,,0,UKOS,589417,185364,0.72974018,51.5353948,BCT,MKD,OTH,,,,053,2006-10-02T00:00:00,2026-09-16T10:49:11,58,revise,active
15800147,soadawpt,,,Arnold Avenue,,,,,,Woodgrange Drive,,,,adj,,W,E0042048,Southchurch,Southend-on-Sea,,Southend-on-Sea,,Southchurch,,0,UKOS,589357,185352,0.72885581,51.5353164,BCT,MKD,OTH,,,,053,2006-10-02T00:00:00,2026-09-16T10:49:11,58,revise,active
15800148,soadawpw,,,Woodgrange PH,,,,,,Woodgrange Drive,,,,opp,,E,E0042048,Southchurch,Southend-on-Sea,,Southend-on-Sea,,Southchurch,,0,UKOS,589129,185348,0.72558464,51.5353565,BCT,MKD,OTH,,,,053,2006-10-02T00:00:00,2026-09-16T10:49:11,58,revise,active
15800149,soadawta,,,Woodgrange PH,,,,,,Woodgrange Drive,,,,o/s,,W,E0042048,Southchurch,Southend-on-Sea,,Southend-on-Sea,,Southchurch,,0,UKOS,589106,185339,0.72523419,51.5352837,BCT,MKD,OTH,,,,053,2006-10-02T00:00:00,2026-09-16T10:49:11,57,revise,active
15800150,soadgagw,,,Thorpe Esplanade,,,,,,Thorpe Esplanade,,,,W-bound,,W,E0042047,Shoeburyness,Southend-on-Sea,,Southend-on-Sea,,Shoeburyness,,0,UKOS,592078,184422,0.76704776,51.5261291,BCT,MKD,OTH,,,,053,2006-10-02T00:00:00,2026-09-16T10:49:11,8,revise,active
15800151,soadajtj,,,Thorpe Bay Y. Club,,,,,,Thorpe Esplanade,,,,o/s,,NW,E0042049,Thorpe Bay,Southend-on-Sea,,Southend-on-Sea,,Thorpe Bay,,0,UKOS,591851,184489,0.76430113,51.5267245,BCT,CUS,OTH,,,,053,2006-10-02T00:00:00,2026-09-16T10:49:11,2,revise,inactive
15800152,soadgwjd,,,Thorpe Bay Y.Club,,,,,,Thorpe Esplanade,,,,opp,,SE,E0042049,Thorpe Bay,Southend-on-Sea,,Southend-on-Sea,,Thorpe Bay,,0,UKOS,591854,184497,0.76434813,51.5267864,BCT,CUS,OTH,,,,053,2024-03-26T09:33:20,2024-03-26T09:33:20,0,new,inactive
15800153,soadgagt,,,St Augustine's Avenue,,,,,,Thorpe Esplanade,,,,adj,,E,E0042049,Thorpe Bay,Southend-on-Sea,,Southend-on-Sea,,Thorpe Bay,,0,UKOS,591518,184634,0.75959982,51.5281394,BCT,MKD,OTH,,,,053,2006-10-02T00:00:00,2026-09-16T10:49:11,59,revise,active
15800154,soadgtmw,,,St Augustine's Avenue,,,,,,Thorpe Esplanade,,,,opp,,W,E0042049,Thorpe Bay,Southend-on-Sea,,Southend-on-Sea,,Thorpe Bay,,0,UKOS,591458,184639,0.75872424,51.5282049,BCT,MKD,OTH,,,,053,2006-10-02T00:00:00,2026-09-16T10:49:11,58,revise,active
15800155,soadgagp,,,The Broadway,,,,,,Thorpe Esplanade,,,,opp,,W,E0042049,Thorpe Bay,Southend-on-Sea,,Southend-on-Sea,,Thorpe Bay,,0,UKOS,591360,184668,0.75734280,51.5284892,BCT,CUS,OTH,,,,053,2006-10-02T00:00:00,2026-09-16T10:49:11,2,revise,inactive
15800156,soadajtg,,,The Broadway,,,,,,Thorpe Esplanade,,,,adj,,E,E0042049,Thorpe Bay,Southend-on-Sea,,Southend-on-Sea,,Thorpe Bay,,0,UKOS,591319,184691,0.75676494,51.5287097,BCT,MKD,OTH,,,,053,2006-10-02T00:00:00,2026-09-16T10:49:11,4,revise,active
15800157,soadajtd,,,Thorpe Bay Corner,,,,,,Thorpe Esplanade,,,,E-bound,,E,E0042049,Thorpe Bay,Southend-on-Sea,,Southend-on-Sea,,Thorpe Bay,,0,UKOS,590991,184774,0.75207279,51.5295664,BCT,MKD,OTH,,,,053,2006-10-02T00:00:00,2023-07-31T08:06:22,56,revise,active
15800158,soadgagm,,,Thorpe Bay Corner,,,,,,Thorpe Esplanade,,,,W-bound,,W,E0042049,Thorpe Bay,Southend-on-Sea,,Southend-on-Sea,,Thorpe Bay,,0,UKOS,591009,184758,0.75232384,51.5294256,BCT,MKD,OTH,,,,053,2006-10-02T00:00:00,2026-09-16T10:49:11,57,revise,active
15800159,soadajpw,,,Roslin Hotel,,,,,,Thorpe Esplanade,,,,opp,,W,E0042049,Thorpe Bay,Southend-on-Sea,,Southend-on-Sea,,Thorpe Bay,,0,UKOS,590751,184799,0.74863059,51.5298720,BCT,MKD,OTH,,,,053,2006-10-02T00:00:00,2023-07-31T08:06:22,56,revise,active
15800160,soadajta,,,Roslin Hotel,,,,,,Thorpe Esplanade,,,,o/s,,E,E0042049,Thorpe Bay,Southend-on-Sea,,Southend-on-Sea,,Thorpe Bay,,0,UKOS,590716,184814,0.74814968,51.5300272,BCT,MKD,OTH,,,,053,2006-10-02T00:00:00,2026-09-16T10:49:11,56,revise,active
15800161,soadgagd,,,Halfway House PH,,,,,,Eastern Esplanade,,,,o/s,,E,E0042048,Southchurch,Southend-on-Sea,,Southend-on-Sea,,Southchurch,,0,UKOS,590528,184838,0.74545563,51.5303061,BCT,MKD,OTH,,,,053,2006-10-02T00:00:00,2026-09-16T10:49:11,56,revise,active
15800162,soadgagj,,,Halfway House PH,,,,,,Thorpe Esplanade,,,,opp,,W,E0042048,Southchurch,Southend-on-Sea,,Southend-on-Sea,,Southchurch,,0,UKOS,590550,184827,0.74575152,51.5301913,BCT,MKD,OTH,,,,053,2006-10-02T00:00:00,2023-07-31T08:06:22,56,revise,active
15800163,soadgaga,,,Lifstan Way South,,,,,,Eastern Esplanade,,,,opp,,W,E0042048,Southchurch,Southend-on-Sea,,Southend-on-Sea,,Southchurch,,0,UKOS,590096,184786,0.73920658,51.5299756,BCT,MKD,OTH,,,,053,2006-10-02T00:00:00,2026-09-16T10:49:11,59,revise,active
15800164,soadajpt,,,Lifstan Way South,,,,,,Eastern Esplanade,,,,adj,,E,E0042048,Southchurch,Southend-on-Sea,,Southend-on-Sea,,Southchurch,,0,UKOS,590184,184809,0.74047226,51.5301619,BCT,MKD,OTH,,,,053,2006-10-02T00:00:00,2026-09-16T10:49:11,59,revise,active
15800165,soadajpm,,,Marine Activities Centre,,,,,,Eastern Esplanade,,,,o/s,,E,E0042048,Southchurch,Southend-on-Sea,,Southend-on-Sea,,Southchurch,,0,UKOS,589945,184779,0.73702854,51.5299635,BCT,MKD,OTH,,,,053,2006-10-02T00:00:00,2026-09-16T10:49:11,56,revise,active
15800166,soadgadw,,,Marine Activities Centre,,,,,,Eastern Esplanade,,,,opp,,W,E0042048,Southchurch,Southend-on-Sea,,Southend-on-Sea,,Southchurch,,0,UKOS,589917,184766,0.73660450,51.5298655,BCT,MKD,OTH,,,,053,2006-10-02T00:00:00,2026-09-16T10:49:11,57,revise,active
15800167,soadgadp,,,The Castle,,,,,,Eastern Esplanade,,,,o/s,,E,E0042048,Southchurch,Southend-on-Sea,,Southend-on-Sea,,Southchurch,,0,UKOS,589678,184792,0.73319095,51.5301700,BCT,MKD,OTH,,,,053,2006-10-02T00:00:00,2026-09-16T10:49:11,57,revise,active
15800168,soadgadt,,,The Castle,,,,,,Eastern Esplanade,,,,opp,,W,E0042048,Southchurch,Southend-on-Sea,,Southend-on-Sea,,Southchurch,,0,UKOS,589712,184778,0.73365913,51.5300421,BCT,MKD,OTH,,,,053,2006-10-02T00:00:00,2026-09-16T10:49:11,58,revise,active
15800169,soadgtmj,,,Eastern Esplanade Coach Park,,,,,,Eastern Esplanade,,,,opp,,NW,E0057248,Southend-on-Sea,,,Southend-on-Sea,,,,0,UKOS,589419,184846,0.72949055,51.5307418,BCT,MKD,OTH,,,,053,2006-10-02T00:00:00,2026-09-16T10:49:11,60,revise,active
15800170,soadajpj,,,Eastern Esplanade Coach Park,,,,,,Eastern Esplanade,,,,o/s,,E,E0057248,Southend-on-Sea,,,Southend-on-Sea,,,,0,UKOS,589505,184827,0.72973803,51.5307810,BCT,MKD,OTH,,,,053,2006-10-02T00:00:00,2026-09-16T10:49:11,58,revise,active
15800171,soadajpg,,,Burdett Road,,,,,,Eastern Esplanade,,,,adj,,SE,E0057248,Southend-on-Sea,,,Southend-on-Sea,,,,0,UKOS,589243,184946,0.72701047,51.5317079,BCT,MKD,OTH,,,,053,2006-10-02T00:00:00,2026-09-16T10:49:11,7,revise,active
15800172,soadajtm,,,Kursaal,,,,,,Eastern Esplanade,,,,opp,,SW,E0057248,Southend-on-Sea,,,Southend-on-Sea,,,,0,UKOS,589159,184970,0.72579883,51.5319429,BCT,MKD,OTH,,,,053,2006-10-02T00:00:00,2016-04-24T13:22:43,6,revise,active
15800173,soadapmd,,,Kursaal Image,,,,,,Marine Parade,,,,o/s,,E,E0057248,Southend-on-Sea,,,Southend-on-Sea,,,,0,UKOS,588961,185062,0.72301137,51.5328351,BCT,MKD,OTH,,,,053,2006-10-02T00:00:00,2026-09-16T10:49:11,6,revise,inactive
15800174,soadawmj,,,Kursaal Image,,,,,,Marine Parade,,,,opp,,W,E0057248,Southend-on-Sea,,,Southend-on-Sea,,,,0,UKOS,588989,185038,0.72338731,51.5326105,BCT,MKD,OTH,,,,053,2006-10-02T00:00:00,2024-03-26T09:33:20,8,revise,inactive
15800175,soadawmp,,,Southend Pier,,,,Amusement Park,,Western Esplanade,,,,E-bound,,E,E0057248,Southend-on-Sea,,,Southend-on-Sea,,,,0,UKOS,588395,185098,0.71437710,51.5333771,BCT,CUS,OTH,,,,053,2006-10-02T00:00:00,2026-09-16T10:49:11,60,revise,active
15800176,soadgwda,,,Southend Pier,,,,Amusement Park,,Western Esplanade,,,,W-bound,,W,E0057248,Southend-on-Sea,,,Southend-on-Sea,,,,0,UKOS,588359,185079,0.71435147,51.5331888,BCT,MKD,OTH,,,,053,2006-10-02T00:00:00,2026-09-16T10:49:11,57,revise,active
15800177,soadgwdg,,,Cliff Lift,,,,,,Western Esplanade,,,,opp,,W,E0057248,Southend-on-Sea,,,Southend-on-Sea,,,,0,UKOS,588189,185083,0.71190553,51.5332814,BCT,MKD,OTH,,,,053,2006-10-02T00:00:00,2026-09-16T10:49:11,58,revise,active
15800178,soadgwdj,,,Westcliff Casino,,,,lamp resite near,,Western Esplanade,,,,o/s,,W,E0057248,Southend-on-Sea,,,Southend-on-Sea,,,,0,UKOS,587634,185066,0.70390416,51.5333133,BCT,MKD,OTH,,,,053,2006-10-02T00:00:00,2026-09-24T07:38:35,295,revise,active
15800179,soadgwdm,,,Palmeira Arches,,,,,,Western Esplanade,,,,opp,,W,E0042050,Westcliff-on-Sea,Southend-on-Sea,,Southend-on-Sea,,Westcliff-on-Sea,,0,UKOS,587031,185177,0.69527999,51.5345191,BCT,MKD,OTH,,,,053,2006-10-02T00:00:00,2026-09-16T10:49:11,57,revise,active
15800180,soadgwdp,,,Westcliff Jetty,,,,,,Western Esplanade,,,,adj,,W,E0042050,Westcliff-on-Sea,Southend-on-Sea,,Southend-on-Sea,,Westcliff-on-Sea,,0,UKOS,586338,185285,0.68534216,51.5357094,BCT,MKD,OTH,,,,053,2006-10-02T00:00:00,2023-07-31T08:06:22,58,revise,active
15800181,soadgwdt,,,Westcliff Jetty,,,,,,Western Esplanade,,,,opp,,E,E0042050,Westcliff-on-Sea,Southend-on-Sea,,Southend-on-Sea,,Westcliff-on-Sea,,0,UKOS,586411,185294,0.68639876,51.5357752,BCT,MKD,OTH,,,,053,2006-10-02T00:00:00,2026-09-16T10:49:11,58,revise,active
15800182,soadgtpj,,,Seaview Road,,,,,,Cliff Parade,,,,opp,,W,E0053735,Leigh-on-Sea,Southend-on-Sea,,Southend-on-Sea,,Leigh-on-Sea,,1,UKOS,584339,185684,0.65676163,51.5399489,BCT,MKD,OTH,,,,053,2006-10-02T00:00:00,2024-03-26T09:33:20,4,revise,inactive
15800183,soadgwaj,,,Prittlewell Square,,,,,,Clifftown Parade,,,,E-bound,,E,E0057248,Southend-on-Sea,,,Southend-on-Sea,,,,0,UKOS,587934,185197,0.70828032,51.5343994,BCT,MKD,OTH,,,,053,2006-10-02T00:00:00,2026-09-16T10:49:11,4,revise,inactive
15800184,soadgtpm,,,The Ship,,,,,,New Road,,,,opp,,W,E0053735,Leigh-on-Sea,Southend-on-Sea,,Southend-on-Sea,,Leigh-on-Sea,,1,UKOS,583992,185679,0.65176159,51.5400261,BCT,MKD,OTH,,,,053,2006-10-02T00:00:00,2026-09-16T10:49:11,14,revise,active
15800185,soadgmtp,,,Cokefield Avenue,,,,Cecil Jones upper - Secondary,,Hamstel Road,,,,opp,,S,E0042048,Southchurch,Southend-on-Sea,,Southend-on-Sea,,Southchurch,,0,UKOS,589799,187121,0.73618869,51.5510554,BCT,MKD,OTH,,,,053,2006-10-02T00:00:00,2026-09-16T10:49:11,59,revise,active
15800186,soadajwm,,,Cokefield Avenue,,,,Cokefield Ave Southchurch,,Hamstel Road,,,,adj,,N,E0042048,Southchurch,Southend-on-Sea,,Southend-on-Sea,,Southchurch,,0,UKOS,589790,187128,0.73606281,51.5511213,BCT,MKD,OTH,,,,053,2006-10-02T00:00:00,2026-09-16T10:49:11,63,revise,active
15800187,soadajwp,,,Rylands Road,,,,Shops,,Hamstel Road,,,,opp,,S,E0042048,Southchurch,Southend-on-Sea,,Southend-on-Sea,,Southchurch,,0,UKOS,589839,186923,0.73665762,51.5492547,BCT,MKD,OTH,,,,053,2006-10-02T00:00:00,2026-09-16T10:49:11,58,revise,active
15800188,soadajwt,,,Rylands Road,,,,Shops,,Hamstel Road,,,,adj,,N,E0042048,Southchurch,Southend-on-Sea,,Southend-on-Sea,,Southchurch,,0,UKOS,589825,186959,0.73646095,51.5495831,BCT,MKD,OTH,,,,053,2006-10-02T00:00:00,2023-07-31T08:06:22,58,revise,active
15800189,soadgmtw,,,North Avenue,,,,Hamstel Infant & Junior - shopping - Primary,,Hamstel Road,,,,adj,,N,E0042048,Southchurch,Southend-on-Sea,,Southend-on-Sea,,Southchurch,,0,UKOS,589833,186719,0.73644680,51.5474249,BCT,MKD,OTH,,,,053,2006-10-02T00:00:00,2023-07-31T08:06:22,59,revise,active
15800190,soadamad,,,North Avenue,,,,Hamstel Infant & Junior - Primary,,Hamstel Road,,,,opp,,S,E0042048,Southchurch,Southend-on-Sea,,Southend-on-Sea,,Southchurch,,0,UKOS,589853,186681,0.73671440,51.5470769,BCT,MKD,OTH,,,,053,2006-10-02T00:00:00,2023-07-31T08:06:22,57,revise,active
15800191,soadamag,,,Poynings Avenue,,,,Hamstel Infant & Junior - Primary,,Hamstel Road,,,,adj,,S,E0042048,Southchurch,Southend-on-Sea,,Southend-on-Sea,,Southchurch,,0,UKOS,589887,186458,0.73708445,51.5450717,BCT,MKD,OTH,,,,053,2006-10-02T00:00:00,2026-09-16T10:49:11,7,revise,active
15800192,soadamaj,,,Stornoway Road,,,,Stornoway Road,,Hamstel Road,,,,adj,,N,E0042048,Southchurch,Southend-on-Sea,,Southend-on-Sea,,Southchurch,,0,UKOS,589900,186372,0.73722532,51.5442949,BCT,MKD,OTH,,,,053,2006-10-02T00:00:00,2026-09-16T10:49:11,6,revise,active
15800193,soadgmwa,,,The White Horse PH,,,,Shops,,Hamstel Road,,,,N-bound,,N,E0042048,Southchurch,Southend-on-Sea,,Southend-on-Sea,,Southchurch,,1,UKOS,589949,186173,0.73782324,51.5424822,BCT,MKD,OTH,,,,053,2006-10-02T00:00:00,2023-07-31T08:06:22,58,revise,active
15800194,soadamat,,,Archer Close,,,,,,Archer Avenue,,,,adj,,SE,E0042048,Southchurch,Southend-on-Sea,,Southend-on-Sea,,Southchurch,,0,UKOS,590184,187111,0.74171456,51.5508274,BCT,MKD,OTH,,,,053,2006-10-02T00:00:00,2016-04-24T13:22:43,5,revise,active
15800195,soadamaw,,,Upper Archer Avenue,,,,Archer Ave Southchurch,,Archer Avenue,,,,E-bound,,E,E0042048,Southchurch,Southend-on-Sea,,Southend-on-Sea,,Southchurch,,0,UKOS,589841,187159,0.73679928,51.5513739,BCT,MKD,OTH,,,,053,2006-10-02T00:00:00,2023-07-31T08:06:22,59,revise,active
15800196,soadamda,,,Roedean Gardens,,,,,,Poynings Avenue,,,,W-bound,,W,E0042048,Southchurch,Southend-on-Sea,,Southend-on-Sea,,Southchurch,,0,UKOS,590605,186611,0.74750920,51.5462039,BCT,MKD,OTH,,,,053,2006-10-02T00:00:00,2026-09-16T10:49:11,4,revise,active
15800197,soadamdg,,,Whittingham Avenue,,,,Residential home,,Whittingham Avenue,,,,N-bound,,N,E0042048,Southchurch,Southend-on-Sea,,Southend-on-Sea,,Southchurch,,0,UKOS,590258,186639,0.74252553,51.5465634,BCT,MKD,OTH,,,,053,2006-10-02T00:00:00,2013-08-26T15:34:09,3,revise,active
15800198,soadamap,,,Canterbury Avenue,,,,,,Newington Avenue,,,,adj,,E,E0042048,Southchurch,Southend-on-Sea,,Southend-on-Sea,,Southchurch,,0,UKOS,590143,186863,0.74098999,51.5486139,BCT,MKD,OTH,,,,053,2006-10-02T00:00:00,2014-05-12T10:59:47,4,revise,active
15800199,soadgmtj,,,Archer Avenue,,,,Archer Ave Southchurch,,Newington Avenue,,,,adj,,E,E0042048,Southchurch,Southend-on-Sea,,Southend-on-Sea,,Southchurch,,0,UKOS,590360,186938,0.74415642,51.5492144,BCT,MKD,OTH,,,,053,2006-10-02T00:00:00,2014-03-03T16:39:55,5,revise,active
15800200,soadgmtm,,,Locksley Close,,,,,,Newington Avenue,,,,opp,,SE,E0042048,Southchurch,Southend-on-Sea,,Southend-on-Sea,,Southchurch,,0,UKOS,590671,186801,0.74857716,51.5478877,BCT,MKD,OTH,,,,053,2006-10-02T00:00:00,2026-09-16T10:49:11,6,revise,active
15800201,soadgmtg,,,Newington Avenue,,,,near St Nichollas special needs - Primary,,Newington Avenue,,,,W-bound,,W,E0042048,Southchurch,Southend-on-Sea,,Southend-on-Sea,,Southchurch,,0,UKOS,590182,186865,0.74156727,51.5486184,BCT,MKD,OTH,,,,053,2006-10-02T00:00:00,2026-09-16T10:49:11,6,revise,active
15800202,soadamam,,,Hamstel Road,,,,,,Newington Avenue,,,,W-bound,,W,E0042048,Southchurch,Southend-on-Sea,,Southend-on-Sea,,Southchurch,,0,UKOS,589901,186805,0.73748764,51.5481831,BCT,MKD,OTH,,,,053,2006-10-02T00:00:00,2026-09-16T10:49:11,5,revise,active
15800203,soadgtmd,,,Kids Kingdom,,,,Leisure Centre,,Garon Park,,,,o/s,,NE,E0042048,Southchurch,Southend-on-Sea,,Southend-on-Sea,,Southchurch,,0,UKOS,589796,187333,0.73624537,51.5529607,BCT,MKD,OTH,,,,053,2006-10-02T00:00:00,2026-09-16T10:49:11,58,revise,active
15800204,soadgwjg,,,Kids Kingdom,,,,Leisure Centre,,Garon Park,,,,opp,,SW,E0042048,Southchurch,Southend-on-Sea,,Southend-on-Sea,,Southchurch,,0,UKOS,589805,187334,0.73637503,51.5529577,BCT,MKD,OTH,,,,053,2006-10-02T00:00:00,2023-07-31T08:06:22,58,revise,active
15800205,soadgtmg,,,Southend Leisure Centre,,,,Garon Park,,Garon Park,,,,o/s,,NE,E0042048,Southchurch,Southend-on-Sea,,Southend-on-Sea,,Southchurch,,0,UKOS,589682,187522,0.73470435,51.5546875,BCT,MKD,OTH,,,,053,2006-10-02T00:00:00,2026-09-16T10:49:11,9,revise,active
15800206,soadapma,,,McDonald's,,,,Cokefield Avenue,,Cokefield Avenue,,,,o/s,,E,E0042048,Southchurch,Southend-on-Sea,,Southend-on-Sea,,Southchurch,,0,UKOS,589724,187180,0.73512565,51.5516108,BCT,MKD,OTH,,,,053,2006-10-02T00:00:00,2026-09-16T10:49:11,58,revise,active
15800207,soadgwjm,,,McDonald's,,,,Cecil Jones upper - Secondary,,Cokefield Avenue,,,,opp,,W,E0042048,Southchurch,Southend-on-Sea,,Southend-on-Sea,,Southchurch,,0,UKOS,589736,187173,0.73529474,51.5515439,BCT,MKD,OTH,,,,053,2006-10-02T00:00:00,2026-09-16T10:49:11,58,revise,active
15800208,soadgtmp,,,Lewes Road,,,,Residential homes - Temple sutton Infant & J,,Cokefield Avenue,,,,opp,,W,E0042048,Southchurch,Southend-on-Sea,,Southend-on-Sea,,Southchurch,,0,UKOS,589445,187123,0.73108955,51.5511833,BCT,MKD,OTH,,,,053,2006-10-02T00:00:00,2026-09-16T10:49:11,58,revise,active
15800209,soadajwj,,,Lewes Road,,,,Hamstel Road,,Cokefield Avenue,,,,adj,,E,E0042048,Southchurch,Southend-on-Sea,,Southend-on-Sea,,Southchurch,,0,UKOS,589445,187130,0.73109386,51.5512551,BCT,MKD,OTH,,,,053,2006-10-02T00:00:00,2026-09-16T10:49:11,59,revise,active
15800210,soadamjw,,,Temple Sutton Infant and Junior,,,,Temple Sutton Infant & Junior - Primary,,Lewes Road,,,,opp,,S,E0042048,Southchurch,Southend-on-Sea,,Southend-on-Sea,,Southchurch,,0,UKOS,589405,187218,0.73055002,51.5520502,BCT,CUS,OTH,,,,053,2006-10-02T00:00:00,2024-03-26T09:33:20,1,revise,inactive
15800211,soadamjt,,,Cluny Square,,,,Shops,,Pantile Avenue,,,,E-bound,,E,E0042048,Southchurch,Southend-on-Sea,,Southend-on-Sea,,Southchurch,,0,UKOS,589227,187034,0.72788735,51.5504663,BCT,MKD,OTH,,,,053,2006-10-02T00:00:00,2026-09-16T10:49:11,58,revise,active
15800212,soadgmta,,,Cluny Square,,,,Shops,,Pantile Avenue,,,,W-bound,,W,E0042048,Southchurch,Southend-on-Sea,,Southend-on-Sea,,Southchurch,,0,UKOS,589211,187024,0.72766589,51.5503816,BCT,MKD,OTH,,,,053,2006-10-02T00:00:00,2026-09-16T10:49:11,58,revise,active
15800213,soadamjp,,,Norwich Avenue,,,,Temple Sutton Infant & Junior - Primary,,Norwich Avenue,,,,SE-bound,,SE,E0042048,Southchurch,Southend-on-Sea,,Southend-on-Sea,,Southchurch,,0,UKOS,589081,187233,0.72589099,51.5523025,BCT,MKD,OTH,,,,053,2006-10-02T00:00:00,2026-09-16T10:49:11,7,revise,active
15800214,soadgmpw,,,St Luke's Road,,,,Temple Sutton Infant & Junior - Primary,,Royston Avenue,,,,adj,,SW,E0042048,Southchurch,Southend-on-Sea,,Southend-on-Sea,,Southchurch,,0,UKOS,589008,187231,0.72483772,51.5523000,BCT,MKD,OTH,,,,053,2006-10-02T00:00:00,2016-04-24T13:22:43,8,revise,active
15800215,soadamja,,,Bournemouth Park Road North,,,,Cecil Jones lower - Secondary,,Royston Avenue,,,,E-bound,,E,E0042048,Southchurch,Southend-on-Sea,,Southend-on-Sea,,Southchurch,,0,UKOS,588816,187113,0.72202335,51.5513131,BCT,MKD,OTH,,,,053,2006-10-02T00:00:00,2026-09-16T10:49:11,57,revise,active
15800216,soadamjd,,,Bournemouth Park Road North,,,,Cecil Jones lower - Secondary,,Royston Avenue,,,,W-bound,,W,E0042048,Southchurch,Southend-on-Sea,,Southend-on-Sea,,Southchurch,,0,UKOS,588736,187101,0.72084949,51.5512234,BCT,MKD,OTH,,,,053,2006-10-02T00:00:00,2023-07-31T08:06:22,56,revise,active
15800217,soadamjg,,,Sutton Road,,,,,,Royston Avenue,,,,W-bound,,W,E0042048,Southchurch,Southend-on-Sea,,Southend-on-Sea,,Southchurch,,0,UKOS,588362,187029,0.71542361,51.5507106,BCT,MKD,OTH,,,,053,2006-10-02T00:00:00,2026-09-16T10:49:11,61,revise,active
15800218,soadamjm,,,Sutton Road,,,,,,East Street,,,,E-bound,,E,E0042048,Southchurch,Southend-on-Sea,,Southend-on-Sea,,Southchurch,,0,UKOS,588265,187037,0.71403051,51.5508148,BCT,MKD,OTH,,,,053,2006-10-02T00:00:00,2026-09-16T10:49:11,58,revise,inactive
15800219,soadajwa,,,Stock Road,,,,Industrial,,Stock Road,,,,W-bound,,W,N0077399,Temple Farm Ind Estate,Southend-on-Sea,,Southend-on-Sea,,Temple Farm Ind Estate,,1,UKOS,588276,187702,0.71454415,51.5567747,BCT,MKD,OTH,,,,053,2006-10-02T00:00:00,2013-08-26T15:34:09,4,revise,active
15800220,soadgmwj,,,Stock Close,,,,Industrial,,Stock Road,,,,opp,,N,N0077399,Temple Farm Ind Estate,Southend-on-Sea,,Southend-on-Sea,,Temple Farm Ind Estate,,1,UKOS,587910,187769,0.70930715,51.5575074,BCT,MKD,OTH,,,,053,2006-10-02T00:00:00,2026-09-16T10:49:11,6,revise,active
15800221,soadajwd,,,KeyMed,,,,Industrial,,Stock Road,,,,o/s,,N,N0077399,Temple Farm Ind Estate,Southend-on-Sea,,Southend-on-Sea,,Temple Farm Ind Estate,,0,UKOS,587858,188078,0.70873730,51.5602996,BCT,MKD,OTH,,,,053,2006-10-02T00:00:00,2026-09-16T10:49:11,3,revise,active
15800222,soadajtw,,,The Candlemakers,,,,Industrial / Cemetery,,Chandlers Way,,,,adj,,E,N0077399,Temple Farm Ind Estate,Southend-on-Sea,,Southend-on-Sea,,Temple Farm Ind Estate,,0,UKOS,588038,188233,0.71141376,51.5616318,BCT,MKD,OTH,,,,053,2006-10-02T00:00:00,2026-09-16T10:49:11,4,revise,active
15800223,soadgmwg,,,Coopers Way,,,,Industrial,,Chandlers Way,,,,adj,,E,N0077399,Temple Farm Ind Estate,Southend-on-Sea,,Southend-on-Sea,,Temple Farm Ind Estate,,0,UKOS,588311,188177,0.71530315,51.5610382,BCT,MKD,OTH,,,,053,2006-10-02T00:00:00,2026-09-16T10:49:11,5,revise,active
15800224,soadajtp,,,Sutton Cemetery North Gate,,,,Sutton Cemetery,,Sutton Road,,,,o/s,,SW,N0077399,Temple Farm Ind Estate,Southend-on-Sea,,Southend-on-Sea,,Temple Farm Ind Estate,,0,UKOS,588475,188013,0.71757788,51.5595015,BCT,MKD,OTH,,,,053,2006-10-02T00:00:00,2016-04-24T13:22:43,5,revise,active
15800225,soadgmwd,,,Cemetery,,,,Sutton Cemetery,,Sutton Road,,,,opp,,N,N0077399,Temple Farm Ind Estate,Southend-on-Sea,,Southend-on-Sea,,Temple Farm Ind Estate,,0,UKOS,588405,187892,0.71663903,51.5587588,BCT,MKD,OTH,,,,053,2006-10-02T00:00:00,2026-09-16T10:49:11,59,revise,active
15800226,soadajwg,,,Bentalls Close,,,,,,Sutton Road,,,,adj,,N,N0077399,Temple Farm Ind Estate,Southend-on-Sea,,Southend-on-Sea,,Temple Farm Ind Estate,,0,UKOS,588368,187537,0.71577382,51.5548936,BCT,MKD,OTH,,,,053,2006-10-02T00:00:00,2026-09-16T10:49:11,6,revise,active
15800227,soadampt,,,Victory Sports Ground,,,,,,Sutton Road,,,,opp,,S,E0042048,Southchurch,Southend-on-Sea,,Southend-on-Sea,,Southchurch,,0,UKOS,588375,187326,0.71576982,51.5533737,BCT,MKD,OTH,,,,053,2006-10-02T00:00:00,2026-09-16T10:49:11,58,revise,active
15800228,soadapap,,,Wentworth Road,,,,Shops,,Sutton Road,,,,opp,,N,E0042048,Southchurch,Southend-on-Sea,,Southend-on-Sea,,Southchurch,,0,UKOS,588296,187102,0.71451133,51.5513793,BCT,MKD,OTH,,,,053,2006-10-02T00:00:00,2023-07-31T08:06:22,60,revise,active
15800229,soadgtgp,,,Royston Avenue,,,,Shops / Industrial,,Sutton Road,,,,W-bound,,W,E0042048,Southchurch,Southend-on-Sea,,Southend-on-Sea,,Southchurch,,0,UKOS,588246,187024,0.71374985,51.5507044,BCT,MKD,OTH,,,,053,2006-10-02T00:00:00,2026-09-16T10:49:11,5,revise,inactive
15800230,soadgmjw,,,East Street,,,,Royston Ave,,Sutton Road,,,,opp,,S,E0042048,Southchurch,Southend-on-Sea,,Southend-on-Sea,,Southchurch,,0,UKOS,588313,186948,0.71468880,51.5499992,BCT,MKD,OTH,,,,053,2006-10-02T00:00:00,2026-09-16T10:49:11,63,revise,active
15800231,soadampw,,,Vale Avenue,,,,Industrial,,Sutton Road,,,,adj,,NW,E0042048,Southchurch,Southend-on-Sea,,Southend-on-Sea,,Southchurch,,0,UKOS,588352,186744,0.71514149,51.5481540,BCT,MKD,OTH,,,,053,2006-10-02T00:00:00,2026-09-16T10:49:11,60,revise,active
15800232,soadgmpa,,,Vale Avenue,,,,Industrial,,Sutton Road,,,,opp,,SE,E0042048,Southchurch,Southend-on-Sea,,Southend-on-Sea,,Southchurch,,0,UKOS,588407,186675,0.71588245,51.5475163,BCT,MKD,OTH,,,,053,2006-10-02T00:00:00,2026-09-16T10:49:11,59,revise,active
15800233,soadamta,,,Stadium Greyhound Way,,,,Leisure / Shops,,Sutton Road,,,,opp,,S,E0042048,Southchurch,Southend-on-Sea,,Southend-on-Sea,,Southchurch,,0,UKOS,588574,186388,0.71814878,51.5448826,BCT,MKD,OTH,,,,053,2006-10-02T00:00:00,2026-09-16T10:49:11,58,revise,active
15800234,soadamtd,,,Stadium Greyhound Way,,,,Leisure / Shops,,Sutton Road,,,,adj,,N,E0042048,Southchurch,Southend-on-Sea,,Southend-on-Sea,,Southchurch,,0,UKOS,588565,186368,0.71799350,51.5446973,BCT,MKD,OTH,,,,053,2006-10-02T00:00:00,2023-07-31T08:06:22,57,revise,active
15800235,soadamtg,,,Guildford Road,,,,Shops,,Sutton Road,,,,adj,,N,E0042048,Southchurch,Southend-on-Sea,,Southend-on-Sea,,Southchurch,,0,UKOS,588607,186158,0.71850095,51.5428058,BCT,MKD,OTH,,,,053,2006-10-02T00:00:00,2026-09-16T10:49:11,7,revise,active
15800236,soadgmpd,,,Welfares,,,,Shops,,Sutton Road,,,,o/s,,S,E0042048,Southchurch,Southend-on-Sea,,Southend-on-Sea,,Southchurch,,0,UKOS,588616,186162,0.71863272,51.5428388,BCT,MKD,OTH,,,,053,2006-10-02T00:00:00,2026-09-16T10:49:11,6,revise,active
15800237,soadgmpg,,,Coleman Street,,,,,,Sutton Road,,,,adj,,N,E0042048,Southchurch,Southend-on-Sea,,Southend-on-Sea,,Southchurch,,0,UKOS,588621,186017,0.71862709,51.5415348,BCT,MKD,OTH,,,,053,2006-10-02T00:00:00,2026-09-16T10:49:11,8,revise,active
15800238,soadamtj,,,Boscombe Road,,,,,,Sutton Road,,,,adj,,S,E0042048,Southchurch,Southend-on-Sea,,Southend-on-Sea,,Southchurch,,0,UKOS,588633,185991,0.71877106,51.5412886,BCT,MKD,OTH,,,,053,2006-10-02T00:00:00,2014-04-07T10:17:27,6,revise,active
15800239,soadamdt,,,North Avenue,,,,,,North Avenue,,,,W-bound,,W,E0042048,Southchurch,Southend-on-Sea,,Southend-on-Sea,,Southchurch,,0,UKOS,589814,186650,0.73615032,51.5468113,BCT,MKD,OTH,,,,053,2006-10-02T00:00:00,2026-09-16T10:49:11,58,revise,active
15800240,soadgmpj,,,Lonsdale Road,,,,,,North Avenue,,,,W-bound,,W,E0042048,Southchurch,Southend-on-Sea,,Southend-on-Sea,,Southchurch,,0,UKOS,589602,186611,0.73307610,51.5465412,BCT,MKD,OTH,,,,053,2006-10-02T00:00:00,2026-09-16T10:49:11,58,revise,active
15800241,soadamdw,,,Westbury Road,,,,,,North Avenue,,,,W-bound,,W,E0042048,Southchurch,Southend-on-Sea,,Southend-on-Sea,,Southchurch,,0,UKOS,589345,186564,0.72934888,51.5462053,BCT,MKD,OTH,,,,053,2006-10-02T00:00:00,2026-09-16T10:49:11,58,revise,active
15800242,soadgmpm,,,The Grove,,,,,,North Avenue,,,,W-bound,,W,E0042048,Southchurch,Southend-on-Sea,,Southend-on-Sea,,Southchurch,,0,UKOS,589080,186517,0.72549154,51.5458633,BCT,MKD,OTH,,,,053,2006-10-02T00:00:00,2023-07-31T08:06:22,56,revise,active
15800243,soadamga,,,Bournemouth Park,,,,Bournemouth Park Infant & Junior - Primary a,,North Avenue,,,,W-bound,,W,E0042048,Southchurch,Southend-on-Sea,,Southend-on-Sea,,Southchurch,,0,UKOS,588799,186464,0.72143044,51.5454900,BCT,MKD,OTH,,,,053,2006-10-02T00:00:00,2026-09-16T10:49:11,7,revise,active
15800244,soadamgw,,,Lonsdale Road,,,,,,Central Avenue,,,,E-bound,,E,E0042048,Southchurch,Southend-on-Sea,,Southend-on-Sea,,Southchurch,,0,UKOS,589669,186548,0.73399286,51.5459532,BCT,MKD,OTH,,,,053,2006-10-02T00:00:00,2026-09-16T10:49:11,58,revise,active
15800245,soadamgt,,,Westbury Road,,,,,,Central Avenue,,,,E-bound,,E,E0042048,Southchurch,Southend-on-Sea,,Southend-on-Sea,,Southchurch,,0,UKOS,589412,186502,0.73026568,51.5456174,BCT,MKD,OTH,,,,053,2006-10-02T00:00:00,2023-07-31T08:06:22,57,revise,active
15800246,soadamgp,,,The Grove,,,,,,Central Avenue,,,,E-bound,,E,E0042048,Southchurch,Southend-on-Sea,,Southend-on-Sea,,Southchurch,,0,UKOS,589135,186452,0.72624886,51.5452611,BCT,MKD,OTH,,,,053,2006-10-02T00:00:00,2023-07-31T08:06:22,57,revise,active
15800247,soadamgj,,,Bournemouth Park Road Westside,,,,Church,,Central Avenue,,,,o/s,,E,E0042048,Southchurch,Southend-on-Sea,,Southend-on-Sea,,Southchurch,,0,UKOS,588784,186388,0.72115870,51.5448038,BCT,MKD,OTH,,,,053,2006-10-02T00:00:00,2013-08-26T15:34:09,3,revise,active
15800248,soadamgm,,,Bournemouth Park Road Eastside,,,,,,Central Avenue,,,,E-bound,,E,E0042048,Southchurch,Southend-on-Sea,,Southend-on-Sea,,Southchurch,,0,UKOS,588871,186404,0.72243537,51.5449270,BCT,MKD,OTH,,,,053,2006-10-02T00:00:00,2026-09-16T10:49:11,8,revise,active
15800249,soadamgd,,,Central Avenue West,,,,,,Central Avenue,,,,E-bound,,E,E0042048,Southchurch,Southend-on-Sea,,Southend-on-Sea,,Southchurch,,0,UKOS,588605,186355,0.71857710,51.5445668,BCT,MKD,OTH,,,,053,2006-10-02T00:00:00,2026-09-16T10:49:11,5,revise,active
15800250,soadgmtd,,,Garon Park,,,,Cockfield Avenue,,Eastern Avenue,,,,opp,,W,E0042048,Southchurch,Southend-on-Sea,,Southend-on-Sea,,Southchurch,,0,UKOS,589704,187257,0.73487848,51.5523001,BCT,MKD,OTH,,,,053,2006-10-02T00:00:00,2013-09-16T11:24:46,5,revise,active
15800251,soadamdp,,,Victory Sports Ground,,,,,,Eastern Avenue,,,,o/s,,W,E0042048,Southchurch,Southend-on-Sea,,Southend-on-Sea,,Prittlewell,,0,UKOS,588303,187393,0.71478225,51.5539902,BCT,MKD,OTH,,,,053,2006-10-02T00:00:00,2026-09-24T07:38:35,297,revise,active
15800252,soadamdj,,,Ennismore Gardens,,,,,,Eastern Avenue,,,,adj,,W,E0042045,Prittlewell,Southend-on-Sea,,Southend-on-Sea,,Prittlewell,,0,UKOS,587991,187356,0.71025308,51.5537622,BCT,MKD,OTH,,,,053,2006-10-02T00:00:00,2023-07-31T08:06:22,59,revise,active
15800253,soadamdm,,,Ennismore Gardens,,,,,,Eastern Avenue,,,,opp,,NE,E0042045,Prittlewell,Southend-on-Sea,,Southend-on-Sea,,Prittlewell,,0,UKOS,587989,187369,0.71023174,51.5538886,BCT,MKD,OTH,,,,053,2006-10-02T00:00:00,2026-09-16T10:49:11,61,revise,active
15800254,soadampa,,,Royston Avenue,,,,Cecil Jones Lower - Secondary associated,,Bournemouth Park Road,,,,S-bound,,S,E0042048,Southchurch,Southend-on-Sea,,Southend-on-Sea,,Southchurch,,0,UKOS,588775,187064,0.72140589,51.5508778,BCT,MKD,OTH,,,,053,2006-10-02T00:00:00,2026-09-16T10:49:11,59,revise,active
15800255,soadgmpt,,,Tennyson Avenue,,,,,,Bournemouth Park Road,,,,opp,,S,E0042048,Southchurch,Southend-on-Sea,,Southend-on-Sea,,Southchurch,,0,UKOS,588795,186820,0.72156316,51.5486796,BCT,MKD,OTH,,,,053,2006-10-02T00:00:00,2026-09-16T10:49:11,58,revise,active
15800256,soadampd,,,Tennyson Avenue,,,,,,Bournemouth Park Road,,,,adj,,N,E0042048,Southchurch,Southend-on-Sea,,Southend-on-Sea,,Southchurch,,0,UKOS,588784,186858,0.72141121,51.5490339,BCT,MKD,OTH,,,,053,2006-10-02T00:00:00,2026-09-16T10:49:11,60,revise,active
15800257,soadampg,,,Bournemouth Park School,,,,Bournemouth Park Infant & Junior - Primary,,Bournemouth Park Road,,,,o/s,,N,E0042048,Southchurch,Southend-on-Sea,,Southend-on-Sea,,Southchurch,,0,UKOS,588813,186529,0.72165255,51.5460694,BCT,MKD,OTH,,,,053,2006-10-02T00:00:00,2026-09-16T10:49:11,57,revise,active
15800258,soadampj,,,Bournemouth Park School,,,,Bournemouth Park Infant & Junior - Primary,,Bournemouth Park Road,,,,opp,,S,E0042048,Southchurch,Southend-on-Sea,,Southend-on-Sea,,Southchurch,,0,UKOS,588816,186566,0.72172947,51.5463914,BCT,MKD,OTH,,,,053,2006-10-02T00:00:00,2026-09-16T10:49:11,58,revise,active
15800259,soadapam,,,The Seaway Car park,,,,,,Chancellor Road,,,,o/s,,W,E0057248,Southend-on-Sea,,,Southend-on-Sea,,,,0,UKOS,588552,185284,0.71722658,51.5349749,BCT,MKD,OTH,,,,053,2006-10-02T00:00:00,2026-09-16T10:49:11,5,revise,inactive
15800260,soadgtmt,,,The Seaway Car park,,,,,,Chancellor Road,,,,opp,,E,E0057248,Southend-on-Sea,,,Southend-on-Sea,,,,0,UKOS,588598,185307,0.71791520,51.5351568,BCT,MKD,OTH,,,,053,2006-10-02T00:00:00,2026-09-16T10:49:11,6,revise,active
15800261,soadgwam,,,Herbert Grove,,,,,,Lucy Road,,,,adj,,E,E0057248,Southend-on-Sea,,,Southend-on-Sea,,,,0,UKOS,588642,185131,0.71845516,51.5335704,BCT,MKD,OTH,,,,053,2006-10-02T00:00:00,2026-09-16T10:49:11,7,revise,inactive
15800262,soadgadj,,,Southchurch Avenue,,,,Kursaal,,Southchurch Avenue,,,,S-bound,,S,E0057248,Southend-on-Sea,,,Southend-on-Sea,,,,0,UKOS,589025,185178,0.72398081,51.5338559,BCT,MKD,OTH,,,,053,2006-10-02T00:00:00,2023-07-31T08:06:22,59,revise,active
15800263,soadgadm,,,Southchurch Avenue,,,,Kursaal,,Southchurch Avenue,,,,N-bound,,N,E0057248,Southend-on-Sea,,,Southend-on-Sea,,,,0,UKOS,589012,185174,0.72379145,51.5338243,BCT,MKD,OTH,,,,053,2006-10-02T00:00:00,2023-07-31T08:06:22,59,revise,active
15800264,soadamwt,,,Deeping,,,,,,Deeping Underpass,,,,Stop N,,W,E0057248,Southend-on-Sea,,,Southend-on-Sea,,,,1,UKOS,588188,185854,0.71230294,51.5402063,BCT,MKD,OTH,,,,053,2006-10-02T00:00:00,2026-09-16T10:49:11,5,revise,inactive
15800265,soadapad,,,Deeping,,,,,,Deeping Underpass,,,,Stop K,,SE,E0057248,Southend-on-Sea,,,Southend-on-Sea,,,,1,UKOS,588172,185872,0.71208211,51.5403733,BCT,MKD,OTH,,,,053,2006-10-02T00:00:00,2026-09-16T10:49:11,5,revise,inactive
15800266,soadgmgw,,,Deeping,,,,,,Deeping Underpass,,,,Stop J,,SE,E0057248,Southend-on-Sea,,,Southend-on-Sea,,,,1,UKOS,588157,185885,0.71185861,51.5404954,BCT,MKD,OTH,,,,053,2006-10-02T00:00:00,2024-03-26T09:33:20,4,revise,inactive
15800267,soadgmja,,,Deeping,,,,,,Deeping Underpass,,,,Stop L,,E,E0057248,Southend-on-Sea,,,Southend-on-Sea,,,,1,UKOS,588195,185861,0.71239309,51.5402672,BCT,MKD,OTH,,,,053,2006-10-02T00:00:00,2024-03-26T09:33:20,4,revise,inactive
15800268,soadgmjd,,,Deeping,,,,,,Deeping Underpass,,,,Stop M,,NW,E0057248,Southend-on-Sea,,,Southend-on-Sea,,,,1,UKOS,588156,185875,0.71185327,51.5404056,BCT,MKD,OTH,,,,053,2006-10-02T00:00:00,2026-09-16T10:49:11,5,revise,inactive
15800269,soadamtm,,,Norman Harris House,,,,Residential Home,,Queensway,,,,o/s,,W,E0057248,Southend-on-Sea,,,Southend-on-Sea,,,,0,UKOS,588910,185310,0.72240991,51.5350795,BCT,MKD,OTH,,,,053,2006-10-02T00:00:00,2026-09-16T10:49:11,56,revise,active
15800270,soadawgt,,,Norman Harris House,,,,Residential Home,,Queensway,,,,opp,,E,E0057248,Southend-on-Sea,,,Southend-on-Sea,,,,0,UKOS,588911,185323,0.72243128,51.5351959,BCT,MKD,OTH,,,,053,2006-10-02T00:00:00,2026-09-16T10:49:11,57,revise,active
15800271,soadawgw,,,Queensway,,,,Town Centre,,Queensway,,,,Stop E,,E,E0057248,Southend-on-Sea,,,Southend-on-Sea,,Town Centre,,1,UKOS,588016,185980,0.70987852,51.5413956,BCT,MKD,OTH,,,,053,2006-10-02T00:00:00,2024-03-26T09:33:20,4,revise,inactive
15800272,soadawja,,,Queensway,,,,Town Centre,,Queensway Bus Stop Layby,,,,Stop C,,W,E0057248,Southend-on-Sea,,,Southend-on-Sea,,Town Centre,,1,UKOS,588045,185922,0.71028019,51.5408736,BCT,MKD,OTH,,,,053,2006-10-02T00:00:00,2026-09-16T10:49:11,2,revise,inactive
15800273,soadawjd,,,Queensway,,,,Town Centre,,Queensway Bus Stop Layby,,,,Stop B,,W,E0057248,Southend-on-Sea,,,Southend-on-Sea,,Town Centre,,1,UKOS,588069,185919,0.71062425,51.5408387,BCT,MKD,OTH,,,,053,2006-10-02T00:00:00,2026-09-16T10:49:11,2,revise,inactive
15800274,soadawjg,,,Queensway,,,,Town Centre,,Queensway Bus Stop Layby,,,,Stop A,,W,E0057248,Southend-on-Sea,,,Southend-on-Sea,,Town Centre,,1,UKOS,588094,185915,0.71098219,51.5407944,BCT,MKD,OTH,,,,053,2006-10-02T00:00:00,2026-09-16T10:49:11,2,revise,inactive
15800275,soadamtp,,,Queensway,,,,Town Centre,,Queensway Bus Stop Layby,,,,Stop D,,NW,E0057248,Southend-on-Sea,,,Southend-on-Sea,,Town Centre,,1,UKOS,588025,185925,0.70999373,51.5409072,BCT,MKD,OTH,,,,053,2006-10-02T00:00:00,2026-09-16T10:49:11,2,revise,inactive
15800276,soadgtwj,,,Southend Bus Station,,,,Town Centre,,Chichester Road,,,,Stand B,,,E0057248,Southend-on-Sea,,,Southend-on-Sea,,Town Centre,,1,UKOS,588413,185374,0.71527243,51.5358206,BCS,,OTH,,,,053,2006-10-02T00:00:00,2026-09-24T07:38:35,8,revise,inactive
15800277,soadgtwm,,,Southend Bus Station,,,,Town Centre,,Chichester Road,,,,Stand C,,,E0057248,Southend-on-Sea,,,Southend-on-Sea,,Town Centre,,1,UKOS,588429,185371,0.71550124,51.5357883,BCS,,OTH,,,,053,2006-10-02T00:00:00,2026-09-24T07:38:35,8,revise,inactive
15800278,soadgtwp,,,Southend Bus Station,,,,Town Centre,,Chichester Road,,,,Stand D,,,E0057248,Southend-on-Sea,,,Southend-on-Sea,,Town Centre,,1,UKOS,588447,185375,0.71576261,51.5358182,BCS,,OTH,,,,053,2006-10-02T00:00:00,2026-09-24T07:38:35,8,revise,inactive
15800279,soadgtwt,,,Southend Bus Station,,,,Town Centre,,Chichester Road,,,,Stand E,,,E0057248,Southend-on-Sea,,,Southend-on-Sea,,Town Centre,,1,UKOS,588444,185362,0.71571245,51.5357025,BCS,,OTH,,,,053,2006-10-02T00:00:00,2026-09-24T07:38:35,8,revise,inactive
15800280,soadgwad,,,Southend Bus Station,,,,Town Centre,,Chichester Road,,,,Stand F,,,E0057248,Southend-on-Sea,,,Southend-on-Sea,,Town Centre,,1,UKOS,588467,185356,0.71604047,51.5356409,BCS,,OTH,,,,053,2006-10-02T00:00:00,2026-09-24T07:38:35,8,revise,inactive
15800281,soadgwag,,,Southend Bus Station,,,,Town Centre,,Chichester Road,,,,Stand H,,,E0057248,Southend-on-Sea,,,Southend-on-Sea,,Town Centre,,1,UKOS,588400,185373,0.71508468,51.5358160,BCS,,OTH,,,,053,2006-10-02T00:00:00,2026-09-24T07:38:35,8,revise,inactive
15800282,soadawjt,,,Southend Bus Station,,,,Town Centre,,Chichester Road,,,,Stand M,,S,E0057248,Southend-on-Sea,,,Southend-on-Sea,,Town Centre,,1,UKOS,588394,185386,0.71501962,51.5359344,BCT,CUS,OTH,,,,053,2006-10-02T00:00:00,2026-09-16T10:49:11,2,revise,inactive
15800283,soadawjp,,,Chichester Road,,,,Town Centre,,Chichester Road,,,,Stop L,,N,E0057248,Southend-on-Sea,,,Southend-on-Sea,,Town Centre,,1,UKOS,588379,185381,0.71478706,51.5359038,BCT,CUS,OTH,,,,053,2006-10-02T00:00:00,2026-09-16T10:49:11,2,revise,inactive
15800284,soadadad,,,Tylers Avenue,,,,Town Centre,,Chichester Road,,,,Stop A,,S,E0057248,Southend-on-Sea,,,Southend-on-Sea,,Town Centre,,1,UKOS,588354,185586,0.71455102,51.5377530,BCT,CUS,OTH,,,,053,2006-10-02T00:00:00,2026-09-16T10:49:11,4,revise,inactive
15800285,soadgwaw,,,Tylers Avenue,,,,Town Centre,,Chichester Road,,,,Stop B,,S,E0057248,Southend-on-Sea,,,Southend-on-Sea,,Town Centre,,1,UKOS,588363,185546,0.71464485,51.5373910,BCT,MKD,OTH,,,,053,2006-10-02T00:00:00,2026-09-16T10:49:11,5,revise,inactive
15800286,soadapdg,,,Whitegate Road,,,,,,Chichester Road,,,,Stop 1,,N,E0057248,Southend-on-Sea,,,Southend-on-Sea,,Town Centre,,1,UKOS,588320,185657,0.71409878,51.5383930,BCT,MKD,OTH,,,,053,2006-10-02T00:00:00,2026-09-16T10:49:11,2,revise,inactive
15800287,soadadag,,,Whitegate Road,,,,,,Chichester Road,,,,Stop 2,,N,E0057248,Southend-on-Sea,,,Southend-on-Sea,,Town Centre,,0,UKOS,588319,185668,0.71407585,51.5384925,BCT,MKD,OTH,,,,053,2006-10-02T00:00:00,2024-03-26T09:33:20,1,revise,inactive
15800288,soadadaj,,,Whitegate Road,,,,,,Chichester Road,,,,Stop 3,,N,E0057248,Southend-on-Sea,,,Southend-on-Sea,,Town Centre,,1,UKOS,588316,185677,0.71405186,51.5385739,BCT,MKD,OTH,,,,053,2006-10-02T00:00:00,2026-09-16T10:49:11,2,revise,inactive
15800289,soadjadw,,,Travel Centre,,,,S'nd Travel Ctr,,Chichester Road,,,,Stop J,,N,E0057248,Southend-on-Sea,,,Southend-on-Sea,,Town Centre,,1,UKOS,588369,185432,0.71466978,51.5363562,BCT,CUS,OTH,,,,053,2006-10-02T00:00:00,2023-07-31T08:06:22,59,revise,active
15800290,soadjaga,,,Travel Centre,,,,S'nd Travel Ctr,,Chichester Road,,,,Stop K,,N,E0057248,Southend-on-Sea,,,Southend-on-Sea,,Town Centre,,1,UKOS,588366,185444,0.71463353,51.5364740,BCT,CUS,OTH,,,,053,2006-10-02T00:00:00,2026-09-16T10:49:11,60,revise,active
15800291,soadawma,,,Chichester Road,,,,Town Centre,,Chichester Road,,,,Stop P,,N,E0057248,Southend-on-Sea,,,Southend-on-Sea,,Town Centre,,1,UKOS,588290,185879,0.71377097,51.5403972,BCT,MKD,OTH,,,,053,2006-10-02T00:00:00,2024-03-26T09:33:20,4,revise,inactive
15800292,soadawmd,,,Chichester Road,,,,Town Centre,,Chichester Road,,,,Stop Q,,N,E0057248,Southend-on-Sea,,,Southend-on-Sea,,Town Centre,,1,UKOS,588288,185899,0.71375285,51.5405775,BCT,MKD,OTH,,,,053,2006-10-02T00:00:00,2024-03-26T09:33:20,4,revise,inactive
15800293,soadawmg,,,Chichester Road,,,,Town Centre,,Chichester Road,,,,Stop R,,N,E0057248,Southend-on-Sea,,,Southend-on-Sea,,Town Centre,,1,UKOS,588283,185945,0.71370543,51.5409923,BCT,MKD,OTH,,,,053,2006-10-02T00:00:00,2024-03-26T09:33:20,4,revise,inactive
15800294,soadapag,,,Royal Mews,,,,Empire Theatre,,Alexandra Street,,,,opp,,E,E0057248,Southend-on-Sea,,,Southend-on-Sea,,,,0,UKOS,588220,185300,0.71245399,51.5352293,BCT,CUS,OTH,,,,053,2006-10-02T00:00:00,2026-09-16T10:49:11,2,revise,inactive
15800295,soadamwa,,,St Bernards High School,,,,St Bernards Sch,,Milton Road,,,,o/s,,NE,E0042050,Westcliff-on-Sea,Southend-on-Sea,,Southend-on-Sea,,Westcliff-on-Sea,,0,UKOS,587281,185423,0.69899607,51.5366371,BCT,MKD,OTH,,,,053,2006-10-02T00:00:00,2016-04-24T13:22:43,8,revise,active
15800296,soadamwd,,,St Bernards High School,,,,St Bernards Catholic - Secondary,,Milton Road,,,,opp,,SW,E0042050,Westcliff-on-Sea,Southend-on-Sea,,Southend-on-Sea,,Westcliff-on-Sea,,0,UKOS,587342,185526,0.69994375,51.5375416,BCT,MKD,OTH,,,,053,2006-10-02T00:00:00,2026-09-16T10:49:11,7,revise,active
15800297,soadamwg,,,Geoff Bray Cars,,,,,,Milton Road,,,,o/s,,N,E0042050,Westcliff-on-Sea,Southend-on-Sea,,Southend-on-Sea,,Westcliff-on-Sea,,0,UKOS,587369,185645,0.70038149,51.5386018,BCT,MKD,OTH,,,,053,2006-10-02T00:00:00,2013-08-26T15:34:09,5,revise,active
15800298,soadamtw,,,Trinity Avenue,,,,,,Cambridge Rd,,,,adj,,S,E0042050,Westcliff-on-Sea,Southend-on-Sea,,Southend-on-Sea,,Westcliff-on-Sea,,0,UKOS,587323,185338,0.70031792,51.5360670,BCT,MKD,OTH,,,,053,2006-10-02T00:00:00,2026-09-16T10:49:11,58,revise,active
15800299,soadawjm,,,Southend Central Railway Station,,,,Rail Station / Town Centre,,Cliff Town Road,,,,Stop M,,W,E0057248,Southend-on-Sea,,,Southend-on-Sea,,,,1,UKOS,588241,185493,0.71285898,51.5369467,BCT,MKD,OTH,,,,053,2006-10-02T00:00:00,2024-03-26T09:33:20,3,revise,inactive
15800300,soadamwj,,,Scratton Road,,,,,,Scratton Road,,,,W-bound,,W,E0057248,Southend-on-Sea,,,Southend-on-Sea,,,,0,UKOS,588025,185452,0.70972634,51.5366504,BCT,MKD,OTH,,,,053,2006-10-02T00:00:00,2023-07-31T08:06:22,57,revise,active
15800301,soadapaj,,,Nelson Street,,,,,,Nelson Street,,,,S-bound,,S,E0057248,Southend-on-Sea,,,Southend-on-Sea,,,,0,UKOS,588062,185427,0.71024639,51.5364225,BCT,MKD,OTH,,,,053,2006-10-02T00:00:00,2026-09-16T10:49:11,58,revise,active
15800302,soadamwm,,,Wilson Road,,,,,,Cambridge Road,,,,opp,,E,E0057248,Southend-on-Sea,,,Southend-on-Sea,,,,0,UKOS,587615,185385,0.70380040,51.5361846,BCT,MKD,OTH,,,,053,2006-10-02T00:00:00,2026-09-16T10:49:11,58,revise,active
15800303,soadawdp,,,Wilson Road,,,,,,Cambridge Road,,,,adj,,W,E0057248,Southend-on-Sea,,,Southend-on-Sea,,,,0,UKOS,587591,185373,0.70344837,51.5360848,BCT,MKD,OTH,,,,053,2006-10-02T00:00:00,2026-09-16T10:49:11,58,revise,active
15800304,soadawdt,,,Trinity Avenue,,,,,,Cambridge Road,,,,opp,,E,E0042050,Westcliff-on-Sea,Southend-on-Sea,,Southend-on-Sea,,Westcliff-on-Sea,,0,UKOS,587358,185370,0.70007735,51.5361445,BCT,MKD,OTH,,,,053,2006-10-02T00:00:00,2026-09-16T10:49:11,58,revise,active
15800305,soadgtda,,,Cliffs Pavilion,,,,Leisure,,Station Road,,,,opp,,E,E0042050,Westcliff-on-Sea,Southend-on-Sea,,Southend-on-Sea,,Westcliff-on-Sea,,0,UKOS,587186,185300,0.69756310,51.5355728,BCT,MKD,OTH,,,,053,2006-10-02T00:00:00,2026-09-16T10:49:11,58,revise,active
15800306,soadgtdg,,,Cliffs Pavilion,,,,Leisure - contract buses for St bernards - Secon,,Station Road,,,,adj,,W,E0042050,Westcliff-on-Sea,Southend-on-Sea,,Southend-on-Sea,,Westcliff-on-Sea,,0,UKOS,587168,185298,0.69731668,51.5355515,BCT,MKD,OTH,,,,053,2006-10-02T00:00:00,2026-09-16T10:49:11,58,revise,active
15800307,soadatpm,,,Holland Road,,,,Rail Station,,Station Road,,,,adj,,NW,E0042050,Westcliff-on-Sea,Southend-on-Sea,,Southend-on-Sea,,Westcliff-on-Sea,,0,UKOS,586920,185417,0.69380826,51.5367024,BCT,MKD,OTH,,,,053,2006-10-02T00:00:00,2026-09-16T10:49:11,59,revise,active
15800308,soadawdg,,,Holland Road,,,,,,Station Road,,,,opp,,SE,E0042050,Westcliff-on-Sea,Southend-on-Sea,,Southend-on-Sea,,Westcliff-on-Sea,,1,UKOS,586925,185427,0.69387117,51.5367909,BCT,MKD,OTH,,,,053,2006-10-02T00:00:00,2023-07-31T08:06:22,58,revise,active
15800309,soadgtgt,,,Palmerston Road,,,,Rail Station,,Station Road,,,,adj,,W,E0042050,Westcliff-on-Sea,Southend-on-Sea,,Southend-on-Sea,,Westcliff-on-Sea,,1,UKOS,586560,185515,0.68866161,51.5377109,BCT,MKD,OTH,,,,053,2006-10-02T00:00:00,2026-09-16T10:49:11,6,revise,active
15800310,soadatpj,,,Westcliff-on-Sea Railway Station,,,,Railway Station,,Station Road,,,,o/s,,E,E0042050,Westcliff-on-Sea,Southend-on-Sea,,Southend-on-Sea,,Westcliff-on-Sea,,1,UKOS,586754,185471,0.69143178,51.5372426,BCT,MKD,OTH,,,,053,2006-10-02T00:00:00,2023-07-31T08:06:22,56,revise,active
15800311,soadatpd,,,Cobham Road,,,,,,Station Road,,,,adj,,W,E0042050,Westcliff-on-Sea,Southend-on-Sea,,Southend-on-Sea,,Westcliff-on-Sea,,0,UKOS,586379,185565,0.68608074,51.5382107,BCT,MKD,OTH,,,,053,2006-10-02T00:00:00,2023-07-31T08:06:22,57,revise,active
15800312,soadatpg,,,Cobham Road,,,,Shops,,Station Road,,,,opp,,E,E0042050,Westcliff-on-Sea,Southend-on-Sea,,Southend-on-Sea,,Westcliff-on-Sea,,0,UKOS,586409,185565,0.68651281,51.5382008,BCT,MKD,OTH,,,,053,2006-10-02T00:00:00,2023-07-31T08:06:22,57,revise,active
15800314,soadawdj,,,Canewdon Road,,,,Rail Station / Shops,,Hamlet Court Road,,,,N-bound,,N,E0042050,Westcliff-on-Sea,Southend-on-Sea,,Southend-on-Sea,,Westcliff-on-Sea,,1,UKOS,586843,185578,0.69278470,51.5381739,BCT,MKD,OTH,,,,053,2006-10-02T00:00:00,2026-09-16T10:49:11,62,revise,active
15800315,soadawdm,,,St Helens Road,,,,Shops,,Hamlet Court Road,,,,opp,,NE,E0042050,Westcliff-on-Sea,Southend-on-Sea,,Southend-on-Sea,,Westcliff-on-Sea,,0,UKOS,587032,185915,0.69567177,51.5411474,BCT,MKD,OTH,,,,053,2006-10-02T00:00:00,2026-09-16T10:49:11,59,revise,active
15800316,soadapdw,,,Leonard Road,,,,Rail Station / Shops,,Hamlet Court Road,,,,SW-bound,,SW,E0042050,Westcliff-on-Sea,Southend-on-Sea,,Southend-on-Sea,,Westcliff-on-Sea,,1,UKOS,586853,185571,0.69291114,51.5381170,BCT,MKD,OTH,,,,053,2006-10-02T00:00:00,2026-09-16T10:49:11,65,revise,active
15800317,soadapga,,,St Helens Road,,,,Shops,,Hamlet Court Road,,,,adj,,SW,E0042050,Westcliff-on-Sea,Southend-on-Sea,,Southend-on-Sea,,Westcliff-on-Sea,,0,UKOS,587039,185910,0.69578381,51.5410909,BCT,MKD,OTH,,,,053,2006-10-02T00:00:00,2026-09-16T10:49:11,59,revise,active
15800318,soadgjtw,,,Albion Road,,,,,,Hamlet Court Road,,,,opp,,S,E0042050,Westcliff-on-Sea,Southend-on-Sea,,Southend-on-Sea,,Westcliff-on-Sea,,0,UKOS,587149,186099,0.69745418,51.5427523,BCT,MKD,OTH,,,,053,2006-10-02T00:00:00,2023-07-31T08:06:22,57,revise,active
15800319,soadgjwa,,,Albion Road,,,,,,Hamlet Court Road,,,,adj,,N,E0042050,Westcliff-on-Sea,Southend-on-Sea,,Southend-on-Sea,,Westcliff-on-Sea,,0,UKOS,587143,186112,0.69738960,51.5428797,BCT,MKD,OTH,,,,053,2006-10-02T00:00:00,2026-09-16T10:49:11,58,revise,active
15800320,soadatwp,,,Meteor Road,,,,,,Genesta Road,,,,opp,,E,E0042050,Westcliff-on-Sea,Southend-on-Sea,,Southend-on-Sea,,Westcliff-on-Sea,,0,UKOS,586615,185796,0.68960258,51.5402165,BCT,MKD,OTH,,,,053,2006-10-02T00:00:00,2026-09-16T10:49:11,5,revise,inactive
15800321,soadatwt,,,Meteor Road,,,,,,Genesta Road,,,,adj,,W,E0042050,Westcliff-on-Sea,Southend-on-Sea,,Southend-on-Sea,,Westcliff-on-Sea,,0,UKOS,586589,185794,0.68922705,51.5402071,BCT,MKD,OTH,,,,053,2006-10-02T00:00:00,2026-09-16T10:49:11,5,revise,inactive
15800322,soadatwj,,,Drake Road,,,,,,King's Road,,,,adj,,SE,E0042040,Chalkwell,Southend-on-Sea,,Southend-on-Sea,,Chalkwell,,0,UKOS,586257,185934,0.68451875,51.5415651,BCT,MKD,OTH,,,,053,2006-10-02T00:00:00,2024-03-26T09:33:20,4,revise,inactive
15800323,soadatwm,,,Drake Road,,,,,,King's Road,,,,opp,,NW,E0042040,Chalkwell,Southend-on-Sea,,Southend-on-Sea,,Chalkwell,,0,UKOS,586265,185919,0.68464045,51.5414275,BCT,MKD,OTH,,,,053,2006-10-02T00:00:00,2026-09-16T10:49:11,5,revise,inactive
15800324,soadatwd,,,Seymour Road,,,,,,King's Road,,,,adj,,E,E0042040,Chalkwell,Southend-on-Sea,,Southend-on-Sea,,Chalkwell,,0,UKOS,586062,186003,0.68174652,51.5422491,BCT,MKD,OTH,,,,053,2006-10-02T00:00:00,2024-03-26T09:33:20,4,revise,inactive
15800325,soadatwg,,,Seymour Road,,,,,,King's Road,,,,opp,,W,E0042040,Chalkwell,Southend-on-Sea,,Southend-on-Sea,,Chalkwell,,0,UKOS,585996,186013,0.68081556,51.5423604,BCT,MKD,OTH,,,,053,2006-10-02T00:00:00,2026-09-16T10:49:11,5,revise,inactive
15800326,soadatpw,,,Leasway,,,,,,King's Road,,,,opp,,E,E0042040,Chalkwell,Southend-on-Sea,,Southend-on-Sea,,Chalkwell,,0,UKOS,585747,186063,0.67725592,51.5429004,BCT,MKD,OTH,,,,053,2006-10-02T00:00:00,2026-09-16T10:49:11,5,revise,inactive
15800327,soadatwa,,,Leasway,,,,,,King's Road,,,,adj,,W,E0042040,Chalkwell,Southend-on-Sea,,Southend-on-Sea,,Chalkwell,,0,UKOS,585744,186054,0.67720796,51.5428205,BCT,MKD,OTH,,,,053,2006-10-02T00:00:00,2026-09-16T10:49:11,5,revise,inactive
15800328,soadatpt,,,Old Leigh Road,,,,,,King's Road,,,,W-bound,,W,E0042040,Chalkwell,Southend-on-Sea,,Southend-on-Sea,,Chalkwell,,0,UKOS,585395,186090,0.67218500,51.5432498,BCT,MKD,OTH,,,,053,2006-10-02T00:00:00,2024-03-26T09:33:20,4,revise,inactive
15800329,soadadgm,,,Old Leigh Road,,,,,,King's Road,,,,E-bound,,E,E0042040,Chalkwell,Southend-on-Sea,,Southend-on-Sea,,Chalkwell,,0,UKOS,585400,186097,0.67227511,51.5433107,BCT,MKD,OTH,,,,053,2006-10-02T00:00:00,2026-09-16T10:49:11,5,revise,inactive
15800330,soadawgm,,,Park Tavern,,,,Barons Court/St Marys C of E - Primary associate,,London Road,,,,opp,,E,E0057248,Southend-on-Sea,,,Southend-on-Sea,,,,0,UKOS,587664,185860,0.70475909,51.5404345,BCT,MKD,OTH,,,,053,2006-10-02T00:00:00,2026-09-16T10:49:11,59,revise,active
15800331,soadawgp,,,Park Tavern,,,,Barons Court/St Marys C of E - Primary associate,,London Road,,,,o/s,,W,E0057248,Southend-on-Sea,,,Southend-on-Sea,,,,0,UKOS,587688,185852,0.70510050,51.5403547,BCT,MKD,OTH,,,,053,2006-10-02T00:00:00,2026-09-16T10:49:11,60,revise,active
15800332,soadawgd,,,The Cricketers Inn,,,,St Bernards/Milton Hall/St Helens Primary - Seco,,London Road,,,,opp,,E,E0042050,Westcliff-on-Sea,Southend-on-Sea,,Southend-on-Sea,,Westcliff-on-Sea,,0,UKOS,587460,185803,0.70177670,51.5399996,BCT,MKD,OTH,,,,053,2006-10-02T00:00:00,2026-09-16T10:49:11,59,revise,active
15800333,soadawgj,,,The Cricketers Inn,,,,St Bernards/Milton Hall/St Helens Primary - Seco,,London Road,,,,adj,,W,E0042050,Westcliff-on-Sea,Southend-on-Sea,,Southend-on-Sea,,Westcliff-on-Sea,,0,UKOS,587451,185786,0.70163750,51.5398409,BCT,MKD,OTH,,,,053,2006-10-02T00:00:00,2023-07-31T08:06:22,57,revise,active
15800334,soadgtgd,,,Howards Court,,,,Milton Hall Primary - Primary,,London Road,,,,o/s,,SE,E0042050,Westcliff-on-Sea,Southend-on-Sea,,Southend-on-Sea,,Westcliff-on-Sea,,0,UKOS,587301,185873,0.69952388,51.5406811,BCT,MKD,OTH,,,,053,2006-10-02T00:00:00,2026-09-16T10:49:11,5,revise,active
15800335,soadawdw,,,Hamlet Court Road,,,,,,London Road,,,,SE-bound,,SE,E0042050,Westcliff-on-Sea,Southend-on-Sea,,Southend-on-Sea,,Westcliff-on-Sea,,0,UKOS,587078,186032,0.69639593,51.5421740,BCT,MKD,OTH,,,,053,2006-10-02T00:00:00,2023-07-31T08:06:22,60,revise,active
15800336,soadawga,,,Hamlet Court Road,,,,,,London Road,,,,NW-bound,,NW,E0042050,Westcliff-on-Sea,Southend-on-Sea,,Southend-on-Sea,,Westcliff-on-Sea,,0,UKOS,587107,185967,0.69679350,51.5415803,BCT,MKD,OTH,,,,053,2006-10-02T00:00:00,2026-09-16T10:49:11,59,revise,active
15800337,soadjajt,,,Westcliff Plough,,,,,,London Road,,,,Stop A,,W,E0042050,Westcliff-on-Sea,Southend-on-Sea,,Southend-on-Sea,,Westcliff-on-Sea,,1,UKOS,586737,186215,0.69158135,51.5439305,BCT,MKD,OTH,,,,053,2006-10-02T00:00:00,2024-03-26T09:33:20,4,revise,inactive
15800338,soadawda,,,Westcliff Plough,,,,,,London Road,,,,Stop B,,W,E0042050,Westcliff-on-Sea,Southend-on-Sea,,Southend-on-Sea,,Westcliff-on-Sea,,1,UKOS,586719,186220,0.69133966,51.5439900,BCT,MKD,OTH,,,,053,2006-10-02T00:00:00,2026-09-16T10:49:11,56,revise,active
15800339,soadadap,,,Westcliff Plough,,,,,,London Road,,,,opp,,SE,E0042050,Westcliff-on-Sea,Southend-on-Sea,,Southend-on-Sea,,Westcliff-on-Sea,,1,UKOS,586840,186180,0.69306081,51.5435817,BCT,MKD,OTH,,,,053,2006-10-02T00:00:00,2026-09-16T10:49:11,59,revise,active
15800340,soadawat,,,Crowstone Road,,,,,,London Road,,,,opp,,SE,E0042050,Westcliff-on-Sea,Southend-on-Sea,,Southend-on-Sea,,Westcliff-on-Sea,,0,UKOS,586481,186331,0.68854971,51.5448634,BCT,MKD,OTH,,,,053,2006-10-02T00:00:00,2026-09-16T10:49:11,60,revise,active
15800341,soadawaw,,,Crowstone Road,,,,,,London Road,,,,adj,,NW,E0042050,Westcliff-on-Sea,Southend-on-Sea,,Southend-on-Sea,,Westcliff-on-Sea,,0,UKOS,586517,186298,0.68786306,51.5449601,BCT,MKD,OTH,,,,053,2006-10-02T00:00:00,2026-09-16T10:49:11,60,revise,active
15800342,soadawam,,,Westcliff Library,,,,Prittlewell School - Secondary associated,,London Road,,,,opp,,W,E0042040,Chalkwell,Southend-on-Sea,,Southend-on-Sea,,Chalkwell,,0,UKOS,586078,186376,0.68218899,51.5456026,BCT,MKD,OTH,,,,053,2006-10-02T00:00:00,2026-09-16T10:49:11,58,revise,active
15800343,soadawap,,,Westcliff Library,,,,Prittlewell School - Secondary associated,,London Road,,,,o/s,,E,E0042040,Chalkwell,Southend-on-Sea,,Southend-on-Sea,,Chalkwell,,0,UKOS,586183,186390,0.68370836,51.5456848,BCT,MKD,OTH,,,,053,2006-10-02T00:00:00,2026-09-16T10:49:11,57,revise,active
15800344,soadawag,,,Chalkwell Park,,,,,,London Road,,,,o/s,,W,E0042040,Chalkwell,Southend-on-Sea,,Southend-on-Sea,,Chalkwell,,0,UKOS,585720,186373,0.67701556,51.5456849,BCT,MKD,OTH,,,,053,2006-10-02T00:00:00,2023-07-31T08:06:22,56,revise,active
15800345,soadawaj,,,Chalkwell Park,,,,,,London Road,,,,opp,,E,E0042040,Chalkwell,Southend-on-Sea,,Southend-on-Sea,,Chalkwell,,0,UKOS,585799,186388,0.67817586,51.5457933,BCT,MKD,OTH,,,,053,2006-10-02T00:00:00,2026-09-16T10:49:11,58,revise,active
15800346,soadataw,,,Chalkwell Schools,,,,Chalkwell Hall Infant & Junior Schools - Pri,,London Road,,,,o/s,,NW,E0053735,Leigh-on-Sea,Southend-on-Sea,,Southend-on-Sea,,Leigh-on-Sea,,0,UKOS,585378,186402,0.67211876,51.5460574,BCT,MKD,OTH,,,,053,2006-10-02T00:00:00,2026-09-16T10:49:11,58,revise,active
15800347,soadgtgm,,,Chalkwell Schools,,,,,,London Road,,,,Stop 1,,E,E0053735,Leigh-on-Sea,Southend-on-Sea,,Southend-on-Sea,,Leigh-on-Sea,,0,UKOS,585504,186382,0.67390885,51.5458367,BCT,CUS,OTH,,,,053,2006-10-02T00:00:00,2024-03-26T09:33:20,1,revise,inactive
15800348,soadawad,,,Chalkwell Schools,,,,Chalkwell Hall Infant & Junior Schools - Pri,,London Road,,,,Stop 2,,E,E0053735,Leigh-on-Sea,Southend-on-Sea,,Southend-on-Sea,,Leigh-on-Sea,,0,UKOS,585496,186380,0.67379256,51.5458213,BCT,MKD,OTH,,,,053,2006-10-02T00:00:00,2023-07-31T08:06:22,56,revise,active
15800349,soadapdp,,,Darlinghurst Grove,,,,Darlinghurst - Westcliff high - Secondary associ,,London Road,,,,opp,,W,E0053735,Leigh-on-Sea,Southend-on-Sea,,Southend-on-Sea,,Leigh-on-Sea,,0,UKOS,585107,186485,0.66824423,51.5468920,BCT,MKD,OTH,,,,053,2006-10-02T00:00:00,2023-07-31T08:06:22,57,revise,active
15800350,soadapdt,,,Darlinghurst Grove,,,,Darlinghurst - Westcliff high - Secondary associ,,London Road,,,,adj,,E,E0053735,Leigh-on-Sea,Southend-on-Sea,,Southend-on-Sea,,Leigh-on-Sea,,0,UKOS,585160,186492,0.66902579,51.5469372,BCT,MKD,OTH,,,,053,2006-10-02T00:00:00,2026-09-16T10:49:11,58,revise,active
15800351,soadatap,,,Lord Roberts Avenue,,,,,,London Road,,,,W-bound,,W,E0053735,Leigh-on-Sea,Southend-on-Sea,,Southend-on-Sea,,Leigh-on-Sea,,0,UKOS,584861,186522,0.66473487,51.5473136,BCT,MKD,OTH,,,,053,2006-10-02T00:00:00,2026-09-16T10:49:11,58,revise,active
15800352,soadapdm,,,Lord Roberts Avenue,,,,,,London Road,,,,E-bound,,E,E0053735,Leigh-on-Sea,Southend-on-Sea,,Southend-on-Sea,,Leigh-on-Sea,,0,UKOS,584907,186526,0.66539962,51.5473345,BCT,MKD,OTH,,,,053,2006-10-02T00:00:00,2026-09-16T10:49:11,58,revise,active
15800353,soadatam,,,Iceland,,,,,,London Road,,,,opp,,E,E0053735,Leigh-on-Sea,Southend-on-Sea,,Southend-on-Sea,,Leigh-on-Sea,,0,UKOS,584582,186557,0.66071914,51.5477106,BCT,MKD,OTH,,,,053,2006-10-02T00:00:00,2023-07-31T08:06:22,57,revise,active
15800354,soadatat,,,Iceland,,,,,,London Road,,,,o/s,,W,E0053735,Leigh-on-Sea,Southend-on-Sea,,Southend-on-Sea,,Leigh-on-Sea,,0,UKOS,584574,186546,0.66061254,51.5476140,BCT,MKD,OTH,,,,053,2006-10-02T00:00:00,2026-09-16T10:49:11,57,revise,active
15800355,soadatag,,,Leigh Elms,,,,,,London Road,,,,E-bound,,E,E0053735,Leigh-on-Sea,Southend-on-Sea,,Southend-on-Sea,,Leigh-on-Sea,,0,UKOS,584277,186575,0.65634975,51.5479805,BCT,MKD,OTH,,,,053,2006-10-02T00:00:00,2026-09-16T10:49:11,58,revise,active
15800356,soadataj,,,Leigh Elms,,,,,,London Road,,,,W-bound,,W,E0053735,Leigh-on-Sea,Southend-on-Sea,,Southend-on-Sea,,Leigh-on-Sea,,0,UKOS,584287,186562,0.65647260,51.5478608,BCT,MKD,OTH,,,,053,2006-10-02T00:00:00,2026-09-16T10:49:11,58,revise,active
15800357,soadatad,,,Lymingtin Avenue,,,,Leigh Elms,,London Road,,,,adj,,W,E0053735,Leigh-on-Sea,Southend-on-Sea,,Southend-on-Sea,,Leigh-on-Sea,,0,UKOS,584073,186597,0.65340806,51.5482449,BCT,MKD,OTH,,,,053,2006-10-02T00:00:00,2026-09-16T10:49:11,4,revise,inactive
15800358,soadadam,,,Kingswood Chase,,,,,,London Road,,,,opp,,W,E0053735,Leigh-on-Sea,Southend-on-Sea,,Southend-on-Sea,,Leigh-on-Sea,,0,UKOS,583966,186606,0.65188574,51.5483603,BCT,MKD,OTH,,,,053,2006-10-02T00:00:00,2026-09-16T10:49:11,58,revise,active
15800359,soadapwt,,,Kingswood Chase,,,,,,London Road,,,,adj,,E,E0053735,Leigh-on-Sea,Southend-on-Sea,,Southend-on-Sea,,Leigh-on-Sea,,0,UKOS,583925,186623,0.65128957,51.5485267,BCT,MKD,OTH,,,,053,2006-10-02T00:00:00,2026-09-16T10:49:11,58,revise,active
15800360,soadapwm,,,West Leigh Schools,,,,Westleigh Infant & Junior Schools - Primary,,London Road,,,,o/s,,W,E0053735,Leigh-on-Sea,Southend-on-Sea,,Southend-on-Sea,,Leigh-on-Sea,,0,UKOS,583671,186599,0.64761791,51.5483938,BCT,MKD,OTH,,,,053,2006-10-02T00:00:00,2026-09-16T10:49:11,57,revise,active
15800361,soadapwp,,,West Leigh Schools,,,,Westleigh Infant & Junior Schools - Primary,,London Road,,,,opp,,E,E0053735,Leigh-on-Sea,Southend-on-Sea,,Southend-on-Sea,,Leigh-on-Sea,,0,UKOS,583671,186614,0.64763962,51.5485192,BCT,MKD,OTH,,,,053,2006-10-02T00:00:00,2026-09-16T10:49:11,58,revise,active
15800362,soadapwg,,,Burnham Road,,,,Belfairs School - Secondary,,London Road,,,,adj,,W,E0053735,Leigh-on-Sea,Southend-on-Sea,,Southend-on-Sea,,Leigh-on-Sea,,0,UKOS,583299,186574,0.64224531,51.5482811,BCT,MKD,OTH,,,,053,2006-10-02T00:00:00,2023-07-31T08:06:22,56,revise,active
15800363,soadapwj,,,Burnham Road,,,,Belfairs School - Secondary,,London Road,,,,opp,,E,E0053735,Leigh-on-Sea,Southend-on-Sea,,Southend-on-Sea,,Leigh-on-Sea,,0,UKOS,583430,186575,0.64413302,51.5482476,BCT,MKD,OTH,,,,053,2006-10-02T00:00:00,2023-07-31T08:06:22,56,revise,active
15800364,soadaptj,,,Canvey Road,,,,Belfairs School - Secondary,,London Road,,,,opp,,E,E0053735,Leigh-on-Sea,Southend-on-Sea,,Southend-on-Sea,,Leigh-on-Sea,,0,UKOS,582977,186513,0.63758978,51.5478463,BCT,MKD,OTH,,,,053,2006-10-02T00:00:00,2026-09-16T10:49:11,58,revise,active
15800365,soadaptm,,,Canvey Road,,,,Belfairs School - Secondary,,London Road,,,,adj,,W,E0053735,Leigh-on-Sea,Southend-on-Sea,,Southend-on-Sea,,Leigh-on-Sea,,0,UKOS,582983,186498,0.63765401,51.5477100,BCT,MKD,OTH,,,,053,2006-10-02T00:00:00,2026-09-16T10:49:11,58,revise,active
15800366,soadaptg,,,Medway Crescent,,,,,,London Road,,,,W-bound,,W,E0053735,Leigh-on-Sea,Southend-on-Sea,,Southend-on-Sea,,Leigh-on-Sea,,0,UKOS,582705,186541,0.63368535,51.5481769,BCT,MKD,OTH,,,,053,2006-10-02T00:00:00,2026-09-16T10:49:11,6,revise,active
15800367,soadaptd,,,Thames Drive,,,,,,London Road,,,,opp,,E,E0053735,Leigh-on-Sea,Southend-on-Sea,,Southend-on-Sea,,Leigh-on-Sea,,0,UKOS,582544,186564,0.63175245,51.5484271,BCT,MKD,OTH,,,,053,2006-10-02T00:00:00,2026-09-16T10:49:11,59,revise,active
15800368,soadgtdp,,,Thames Drive,,,,,,London Road,,,,adj,,W,E0053735,Leigh-on-Sea,Southend-on-Sea,,Southend-on-Sea,,Leigh-on-Sea,,0,UKOS,582464,186555,0.63020632,51.5483809,BCT,MKD,OTH,,,,053,2006-10-02T00:00:00,2023-07-31T08:06:22,57,revise,active
15800369,soadgjat,,,Tattersall Gardens,,,,,,London Road,,,,opp,,E,E0053735,Leigh-on-Sea,Southend-on-Sea,,Southend-on-Sea,,Leigh-on-Sea,,0,UKOS,582215,186621,0.62665332,51.5490541,BCT,MKD,OTH,,,,053,2006-10-02T00:00:00,2023-07-31T08:06:22,57,revise,active
15800370,soadapdj,,,Tattersall Gardens,,,,,,London Road,,,,adj,,W,E0053735,Leigh-on-Sea,Southend-on-Sea,,Southend-on-Sea,,Leigh-on-Sea,,0,UKOS,582202,186613,0.62646189,51.5489864,BCT,MKD,OTH,,,,053,2006-10-02T00:00:00,2023-07-31T08:06:22,57,revise,active
15800371,soadgtad,,,Grange Road,,,,,,Hadleigh Road,,,,adj,,SE,E0053735,Leigh-on-Sea,Southend-on-Sea,,Southend-on-Sea,,Leigh-on-Sea,,0,UKOS,583605,186120,0.64641736,51.5441130,BCT,MKD,OTH,,,,053,2006-10-02T00:00:00,2026-09-16T10:49:11,59,revise,active
15800372,soadgtag,,,Grange Road,,,,,,Hadleigh Road,,,,opp,,NW,E0053735,Leigh-on-Sea,Southend-on-Sea,,Southend-on-Sea,,Leigh-on-Sea,,0,UKOS,583577,186134,0.64603573,51.5442475,BCT,MKD,OTH,,,,053,2006-10-02T00:00:00,2026-09-16T10:49:11,59,revise,active
15800373,soadaptp,,,Salisbury Road,,,,,,Hadleigh Road,,,,E-bound,,SE,E0053735,Leigh-on-Sea,Southend-on-Sea,,Southend-on-Sea,,Leigh-on-Sea,,0,UKOS,583405,186291,0.64362547,51.5457138,BCT,MKD,OTH,,,,053,2006-10-02T00:00:00,2026-09-16T10:49:11,58,revise,active
15800374,soadaptw,,,Salisbury Road,,,,,,Hadleigh Road,,,,W-bound,,NW,E0053735,Leigh-on-Sea,Southend-on-Sea,,Southend-on-Sea,,Leigh-on-Sea,,0,UKOS,583387,186297,0.64338319,51.5457643,BCT,MKD,OTH,,,,053,2006-10-02T00:00:00,2026-09-16T10:49:11,58,revise,active
15800375,soadapwa,,,London Road,,,,St Michael School C of E - Primary,,Hadleigh Road,,,,NW-bound,,NW,E0053735,Leigh-on-Sea,Southend-on-Sea,,Southend-on-Sea,,Leigh-on-Sea,,0,UKOS,583173,186481,0.64038229,51.5474957,BCT,MKD,OTH,,,,053,2006-10-02T00:00:00,2026-09-16T10:49:11,9,revise,active
15800376,soadapwd,,,Hadleigh Road,,,,St Michael School C of E - Primary,,Hadleigh Road,,,,SE-bound,,SE,E0053735,Leigh-on-Sea,Southend-on-Sea,,Southend-on-Sea,,Leigh-on-Sea,,0,UKOS,583168,186495,0.64033143,51.5476137,BCT,MKD,OTH,,,,053,2006-10-02T00:00:00,2026-09-16T10:49:11,7,revise,active
15800377,soadgmjp,,,FDR House,,,,Industrial,,Priory Crescent,,,,opp,,W,E0042045,Prittlewell,Southend-on-Sea,,Southend-on-Sea,,Prittlewell,,0,UKOS,587688,187563,0.70599813,51.5557221,BCT,MKD,OTH,,,,053,2006-10-02T00:00:00,2023-07-31T08:06:22,56,revise,active
15800378,soadgmjt,,,FDR House,,,,Industrial,,Priory Crescent,,,,o/s,,E,E0042045,Prittlewell,Southend-on-Sea,,Southend-on-Sea,,Prittlewell,,0,UKOS,587721,187565,0.70647519,51.5557381,BCT,MKD,OTH,,,,053,2006-10-02T00:00:00,2026-09-16T10:49:11,56,revise,active
15800379,soadgtam,,,Alexander House,,,,,,Victoria Avenue,,,,Stop G,,NW,E0057248,Southend-on-Sea,,,Southend-on-Sea,,,,0,UKOS,588030,186070,0.71014315,51.5422079,BCT,MKD,OTH,,,,053,2006-10-02T00:00:00,2026-09-16T10:49:11,2,revise,inactive
15800380,soadgmdm,,,Alexander House,,,,,,Victoria Avenue,,,,Stop F,,NW,E0057248,Southend-on-Sea,,,Southend-on-Sea,,,,0,UKOS,588048,186041,0.71037252,51.5419417,BCT,MKD,OTH,,,,053,2006-10-02T00:00:00,2026-09-16T10:49:11,2,revise,inactive
15800381,soadgmdj,,,Civic Centre,,,,,,Victoria Avenue,,,,o/s,,SE,E0057248,Southend-on-Sea,,,Southend-on-Sea,,,,0,UKOS,587925,186294,0.70875032,51.5442546,BCT,MKD,OTH,,,,053,2006-10-02T00:00:00,2026-09-16T10:49:11,57,revise,active
15800382,soadapgt,,,Civic Centre,,,,Heath House,,Victoria Avenue,,,,opp,,NW,E0057248,Southend-on-Sea,,,Southend-on-Sea,,,,0,UKOS,587842,186405,0.70758411,51.5452619,BCT,MKD,OTH,,,,053,2006-10-02T00:00:00,2026-09-16T10:49:11,58,revise,active
15800383,soadgmdp,,,Blue Boar,,,,,,Victoria Avenue,,,,opp,,SE,E0042045,Prittlewell,Southend-on-Sea,,Southend-on-Sea,,Prittlewell,,0,UKOS,587694,186702,0.70564045,51.5479958,BCT,MKD,OTH,,,,053,2006-10-02T00:00:00,2026-09-16T10:49:11,58,revise,active
15800384,soadgmgd,,,Blue Boar,,,,,,Victoria Avenue,,,,o/s,,NW,E0042045,Prittlewell,Southend-on-Sea,,Southend-on-Sea,,Prittlewell,,0,UKOS,587596,186837,0.70428573,51.5492322,BCT,MKD,OTH,,,,053,2006-10-02T00:00:00,2023-07-31T08:06:22,57,revise,active
15800385,soadgmga,,,Priory Park,,,,Prospects,,Victoria Avenue,,,,o/s,,SE,E0042045,Prittlewell,Southend-on-Sea,,Southend-on-Sea,,Prittlewell,,1,UKOS,587470,187123,0.70263785,51.5518514,BCT,MKD,OTH,,,,053,2006-10-02T00:00:00,2026-09-16T10:49:11,58,revise,active
15800386,soadgmgj,,,Priory Park,,,,Prospects,,Victoria Avenue,,,,opp,,NW,E0042045,Prittlewell,Southend-on-Sea,,Southend-on-Sea,,Prittlewell,,1,UKOS,587483,187072,0.70278357,51.5513894,BCT,MKD,OTH,,,,053,2006-10-02T00:00:00,2026-09-16T10:49:11,60,revise,active
15800387,soadgmdw,,,Earls Hall Avenue,,,,Southend High Boys - Secondary associated,,Victoria Avenue,,,,opp,,S,E0042045,Prittlewell,Southend-on-Sea,,Southend-on-Sea,,Prittlewell,,0,UKOS,587368,187358,0.70129295,51.5539869,BCT,MKD,OTH,,,,053,2006-10-02T00:00:00,2026-09-16T10:49:11,58,revise,active
15800388,soadgmgm,,,Earls Hall Avenue,,,,Southend High Boys - Secondary associated,,Victoria Avenue,,,,adj,,N,E0042045,Prittlewell,Southend-on-Sea,,Southend-on-Sea,,Prittlewell,,0,UKOS,587348,187422,0.70102499,51.5545776,BCT,MKD,OTH,,,,053,2006-10-02T00:00:00,2026-09-16T10:49:11,59,revise,active
15800389,soadgmdt,,,Cuckoo Corner South,,,,,,Victoria Avenue,,,,S-bound,,S,E0042045,Prittlewell,Southend-on-Sea,,Southend-on-Sea,,Prittlewell,,0,UKOS,587370,187564,0.70141755,51.5558457,BCT,MKD,OTH,,,,053,2006-10-02T00:00:00,2026-09-16T10:49:11,59,revise,active
15800390,soadgtpd,,,Cuckoo Corner North,,,,,,Manners Way,,,,SW-bound,,SW,E0042045,Prittlewell,Southend-on-Sea,,Southend-on-Sea,,Prittlewell,,0,UKOS,587382,187725,0.70169004,51.5572784,BCT,MKD,OTH,,,,053,2006-10-02T00:00:00,2026-09-16T10:49:11,60,revise,active
15800391,soadadtp,,,Cuckoo Corner North,,,,,,Manners Way,,,,N-bound,,N,E0042045,Prittlewell,Southend-on-Sea,,Southend-on-Sea,,Prittlewell,,0,UKOS,587371,187723,0.70151608,51.5572644,BCT,MKD,OTH,,,,053,2006-10-02T00:00:00,2023-07-31T08:06:22,58,revise,active
15800392,soadgmwm,,,Thornford Gardens,,,,,,Manners Way,,,,adj,,S,E0042045,Prittlewell,Southend-on-Sea,,Southend-on-Sea,,Prittlewell,,0,UKOS,587499,188034,0.70354045,51.5600148,BCT,MKD,OTH,,,,053,2006-10-02T00:00:00,2026-09-16T10:49:11,57,revise,active
15800393,soadgmwp,,,Thornford Gardens,,,,,,Manners Way,,,,opp,,N,E0042045,Prittlewell,Southend-on-Sea,,Southend-on-Sea,,Prittlewell,,0,UKOS,587491,188021,0.70340384,51.5599010,BCT,MKD,OTH,,,,053,2006-10-02T00:00:00,2023-07-31T08:06:22,56,revise,active
15800394,soadgpwg,,,Manners Way,,,,,,Oaken Grange Drive,,,,W-bound,,W,E0042045,Prittlewell,Southend-on-Sea,,Southend-on-Sea,,Prittlewell,,0,UKOS,587378,188279,0.7019130,51.5622558,BCT,MKD,OTH,,,,053,2006-10-02T00:00:00,2026-09-22T07:07:55,58,revise,active
15800395,soadgpwj,,,Manners Way,,,,,,Oaken Grange Drive,,,,E-bound,,E,E0042045,Prittlewell,Southend-on-Sea,,Southend-on-Sea,,Prittlewell,,0,UKOS,587392,188293,0.70212275,51.5623858,BCT,MKD,OTH,,,,053,2006-10-02T00:00:00,2026-09-16T10:49:11,61,revise,active
15800396,soadgpwm,,,Alton Gardens,,,,,,Oaken Grange Drive,,,,opp,,W,E0042045,Prittlewell,Southend-on-Sea,,Southend-on-Sea,,Prittlewell,,0,UKOS,587116,188211,0.69811590,51.5617316,BCT,MKD,OTH,,,,053,2006-10-02T00:00:00,2026-09-16T10:49:11,4,revise,active
15800397,soadadpa,,,Warners Bridge,,,,,,Rochford Road,,,,S-bound,,SW,E0042045,Prittlewell,Southend-on-Sea,,Southend-on-Sea,,Prittlewell,,0,UKOS,587362,188683,0.70191205,51.5658892,BCT,MKD,OTH,,,,053,2006-10-02T00:00:00,2026-09-16T10:49:11,59,revise,active
15800398,soadgmwt,,,Warners Bridge,,,,,,Rochford Road,,,,N-bound,,NE,E0042045,Prittlewell,Southend-on-Sea,,Southend-on-Sea,,Prittlewell,,0,UKOS,587322,188662,0.70131055,51.5657232,BCT,MKD,OTH,,,,053,2006-10-02T00:00:00,2026-09-16T10:49:11,59,revise,active
15800399,soadgpad,,,Feeches Road,,,,,,Rochford Road,,,,adj,,NE,E0042045,Prittlewell,Southend-on-Sea,,Southend-on-Sea,,Prittlewell,,0,UKOS,587036,188386,0.69704175,51.5633302,BCT,MKD,OTH,,,,053,2006-10-02T00:00:00,2023-07-31T08:06:22,58,revise,active
15800400,soadgpag,,,Feeches Road,,,,,,Rochford Road,,,,opp,,S,E0042045,Prittlewell,Southend-on-Sea,,Southend-on-Sea,,Prittlewell,,0,UKOS,587007,188239,0.69661718,51.5622517,BCT,MKD,OTH,,,,053,2006-10-02T00:00:00,2026-09-16T10:49:11,59,revise,active
15800401,soadgpaj,,,Hornby Avenue,,,,Prince Avenue - Primary,,Rochford Road,,,,adj,,N,E0042045,Prittlewell,Southend-on-Sea,,Southend-on-Sea,,Prittlewell,,0,UKOS,586979,188120,0.69607900,51.5609600,BCT,MKD,OTH,,,,053,2006-10-02T00:00:00,2013-08-26T15:34:09,4,revise,active
15800402,soadgpam,,,The Bell Northside,,,,Prittlewell Bell,,Rochford Road,,,,o/s,,S,E0042045,Prittlewell,Southend-on-Sea,,Southend-on-Sea,,Prittlewell,,0,UKOS,586976,187922,0.69594550,51.5591913,BCT,MKD,OTH,,,,053,2006-10-02T00:00:00,2026-09-16T10:49:11,59,revise,active
15800403,soadgpap,,,The Bell Northside,,,,Southend High boys -Prince Avenue - Secondary as,,Rochford Road,,,,opp,,N,E0042045,Prittlewell,Southend-on-Sea,,Southend-on-Sea,,Prittlewell,,0,UKOS,586967,187934,0.69582166,51.5592931,BCT,MKD,OTH,,,,053,2006-10-02T00:00:00,2026-09-16T10:49:11,59,revise,active
15800404,soadgpat,,,Aviation Way,,,,,,Eastwoodbury Lane,,,,opp,,W,E0042045,Prittlewell,Southend-on-Sea,,Southend-on-Sea,,Prittlewell,,0,UKOS,586113,188816,0.68396910,51.5675063,BCT,MKD,OTH,,,,053,2006-10-02T00:00:00,2026-09-16T10:49:11,7,revise,inactive
15800405,soadgtap,,,Aviation Way,,,,,,Eastwoodbury Lane,,,,adj,,NE,E0042045,Prittlewell,Southend-on-Sea,,Southend-on-Sea,,Prittlewell,,0,UKOS,586051,188826,0.68308034,51.5676076,BCT,CUS,OTH,,,,053,2006-10-02T00:00:00,2024-03-26T09:33:20,6,revise,inactive
15800406,soadgpaw,,,Avro Road,,,,Avro adult training,,Eastwoodbury Lane,,,,opp,,W,E0042045,Prittlewell,Southend-on-Sea,,Southend-on-Sea,,Prittlewell,,0,UKOS,586667,188632,0.69185492,51.5656618,BCT,MKD,OTH,,,,053,2006-10-02T00:00:00,2023-07-31T08:06:22,57,revise,active
15800407,soadgwgj,,,Avro Road,,,,Avro adult training,,Eastwoodbury Lane,,,,adj,,E,E0042045,Prittlewell,Southend-on-Sea,,Southend-on-Sea,,Prittlewell,,0,UKOS,586608,188638,0.69100839,51.5657442,BCT,MKD,OTH,,,,053,2006-10-02T00:00:00,2026-09-16T10:49:11,58,revise,active
15800408,soadgpda,,,Vickers Road,,,,,,Eastwoodbury Lane,,,,adj,,E,E0042045,Prittlewell,Southend-on-Sea,,Southend-on-Sea,,Prittlewell,,0,UKOS,586901,188653,0.69523824,51.5657729,BCT,MKD,OTH,,,,053,2006-10-02T00:00:00,2023-07-31T08:06:22,57,revise,active
15800409,soadadtm,,,Vickers Road,,,,,,Eastwoodbury Lane,,,,opp,,W,E0042045,Prittlewell,Southend-on-Sea,,Southend-on-Sea,,Prittlewell,,0,UKOS,586924,188644,0.69556491,51.5656845,BCT,MKD,OTH,,,,053,2006-10-02T00:00:00,2023-07-31T08:06:22,57,revise,active
15800410,soadgtpt,,,Comet Way,,,,,,Eastwoodbury Lane,,,,opp,,W,E0042041,Eastwood,Southend-on-Sea,,Southend-on-Sea,,Eastwood,,0,UKOS,585820,188721,0.67969576,51.5667406,BCT,MKD,OTH,,,,053,2006-10-02T00:00:00,2023-07-31T08:06:22,57,revise,active
15800411,soadgtpw,,,Comet Way,,,,,,Eastwoodbury Lane,,,,adj,,E,E0042041,Eastwood,Southend-on-Sea,,Southend-on-Sea,,Eastwood,,0,UKOS,585815,188744,0.67963638,51.5669578,BCT,MKD,OTH,,,,053,2006-10-02T00:00:00,2026-09-16T10:49:11,182,revise,active
15800412,soadgtwa,,,Cockethurst Corner,,,,Cockethurst Corner,,Eastwoodbury Lane,,,,W-bound,,W,E0042041,Eastwood,Southend-on-Sea,,Southend-on-Sea,,Eastwood,,0,UKOS,585477,188682,0.67473205,51.5665032,BCT,MKD,OTH,,,,053,2006-10-02T00:00:00,2023-07-31T08:06:22,143,revise,active
15800413,soadgtwd,,,Cockethurst Corner,,,,Cockethurst Corner,,Eastwoodbury Lane,,,,E-bound,,E,E0042041,Eastwood,Southend-on-Sea,,Southend-on-Sea,,Eastwood,,0,UKOS,585467,188692,0.67459321,51.5665963,BCT,MKD,OTH,,,,053,2006-10-02T00:00:00,2023-07-31T08:06:22,57,revise,active
15800414,soadgpdg,,,Holiday Inn Southend Airport,,,,,,Eastwoodbury Crescent,,,,o/s,,E,E0042045,Prittlewell,Southend-on-Sea,,Southend-on-Sea,,Prittlewell,,0,UKOS,587215,188763,0.69982234,51.5666658,BCT,MKD,OTH,,,,053,2006-10-02T00:00:00,2026-09-24T07:38:35,216,revise,active
15800415,soadgwpg,,,Holiday Inn Southend Airport,,,,,,Eastwoodbury Crescent Service Road,,,,opp,,W,E0042045,Prittlewell,Southend-on-Sea,,Southend-on-Sea,,Prittlewell,,0,UKOS,587214,188756,0.69981862,51.5666029,BCT,MKD,OTH,,,,053,2006-10-02T00:00:00,2026-09-24T07:38:35,218,revise,active
15800416,soadadtd,,,Western Approaches,,,,,,Western Approaches,,,,N-bound,,N,E0042041,Eastwood,Southend-on-Sea,,Southend-on-Sea,,Eastwood,,0,UKOS,585565,188792,0.67607323,51.5674709,BCT,MKD,OTH,,,,053,2006-10-02T00:00:00,2026-09-16T10:49:11,6,revise,active
15800417,soadadtg,,,Eastwoodbury Lane,,,,,,Western Approaches,,,,S-bound,,S,E0042041,Eastwood,Southend-on-Sea,,Southend-on-Sea,,Eastwood,,0,UKOS,585573,188792,0.67617358,51.5674596,BCT,MKD,OTH,,,,053,2006-10-02T00:00:00,2014-04-07T10:17:27,7,revise,active
15800418,soadadtj,,,Parkway Close,,,,Heycroft Primary - Primary,,Green Lane,,,,adj,,W,E0042041,Eastwood,Southend-on-Sea,,Southend-on-Sea,,Eastwood,,0,UKOS,584749,189227,0.66454170,51.5716456,BCT,MKD,OTH,,,,053,2006-10-02T00:00:00,2026-09-16T10:49:11,58,revise,active
15800419,soadgtwg,,,Blatches Chase,,,,,,Western Approaches,,,,opp,,W,E0042041,Eastwood,Southend-on-Sea,,Southend-on-Sea,,Eastwood,,0,UKOS,584949,189175,0.66738204,51.5711044,BCT,MKD,OTH,,,,053,2006-10-02T00:00:00,2023-07-31T08:06:22,59,revise,active
15800420,soadgwjt,,,Blatches Chase,,,,,,Western Approaches,,,,adj,,E,E0042041,Eastwood,Southend-on-Sea,,Southend-on-Sea,,Eastwood,,0,UKOS,584955,189182,0.66747220,51.5711653,BCT,MKD,OTH,,,,053,2006-10-02T00:00:00,2023-07-31T08:06:22,57,revise,active
15800421,soadgpmj,,,Neil Armstrong Way,,,,,,Western Approaches,,,,opp,,S,E0042041,Eastwood,Southend-on-Sea,,Southend-on-Sea,,Eastwood,,0,UKOS,585550,188936,0.67591808,51.5687605,BCT,MKD,OTH,,,,053,2006-10-02T00:00:00,2023-07-31T08:06:22,57,revise,active
15800422,soadgwjw,,,Neil Armstrong Way,,,,,,Western Approaches,,,,adj,,N,E0042041,Eastwood,Southend-on-Sea,,Southend-on-Sea,,Eastwood,,0,UKOS,585544,188927,0.67582686,51.5686816,BCT,MKD,OTH,,,,053,2006-10-02T00:00:00,2023-07-31T08:06:22,58,revise,active
15800423,soadgpmp,,,Lundy Close,,,,,,Western Approaches,,,,adj,,SE,E0042041,Eastwood,Southend-on-Sea,,Southend-on-Sea,,Eastwood,,0,UKOS,585492,189067,0.67516622,51.5699648,BCT,CUS,OTH,,,,053,2006-10-02T00:00:00,2026-09-16T10:49:11,59,revise,active
15800424,soadgwma,,,Lundy Close,,,,,,Western Approaches,,,,opp,,NW,E0042041,Eastwood,Southend-on-Sea,,Southend-on-Sea,,Eastwood,,0,UKOS,585499,189038,0.67498255,51.5700319,BCT,MKD,OTH,,,,053,2006-10-02T00:00:00,2026-09-16T10:49:11,61,revise,active
15800425,soadgpmt,,,Rockall,,,,,,Western Approaches,,,,adj,,SE,E0042041,Eastwood,Southend-on-Sea,,Southend-on-Sea,,Eastwood,,0,UKOS,585414,189173,0.67380370,51.5710931,BCT,MKD,OTH,,,,053,2006-10-02T00:00:00,2026-09-16T10:49:11,59,revise,active
15800426,soadgwmd,,,Rockall,,,,,,Western Approaches,,,,opp,,NW,E0042041,Eastwood,Southend-on-Sea,,Southend-on-Sea,,Eastwood,,0,UKOS,585373,189194,0.67351807,51.5711446,BCT,MKD,OTH,,,,053,2006-10-02T00:00:00,2026-09-16T10:49:11,58,revise,active
15800427,soadgpmw,,,The Loyal Toast PH,,,,Shops,,Western Approaches,,,,opp,,E,E0042041,Eastwood,Southend-on-Sea,,Southend-on-Sea,,Eastwood,,0,UKOS,585166,189222,0.67054881,51.5714550,BCT,MKD,OTH,,,,053,2006-10-02T00:00:00,2026-09-16T10:49:11,57,revise,active
15800428,soadgwmg,,,The Loyal Toast PH,,,,Shops,,Western Approaches,,,,o/s,,W,E0042041,Eastwood,Southend-on-Sea,,Southend-on-Sea,,Eastwood,,0,UKOS,585167,189213,0.67055901,51.5713829,BCT,MKD,OTH,,,,053,2006-10-02T00:00:00,2026-09-16T10:49:11,56,revise,active
15800429,soadgpta,,,Scotts Park Surgery,,,,Health Centre,,Western Approaches,,,,o/s,,W,E0042041,Eastwood,Southend-on-Sea,,Southend-on-Sea,,Eastwood,,0,UKOS,585084,189182,0.66933148,51.5711230,BCT,MKD,OTH,,,,053,2006-10-02T00:00:00,2023-07-31T08:06:22,59,revise,active
15800430,soadgwmj,,,Scotts Park Surgery,,,,Health Centre,,Western Approaches,,,,opp,,E,E0042041,Eastwood,Southend-on-Sea,,Southend-on-Sea,,Eastwood,,0,UKOS,585072,189185,0.66916010,51.5711539,BCT,MKD,OTH,,,,053,2006-10-02T00:00:00,2023-07-31T08:06:22,60,revise,active
15800431,soadgptd,,,Parkway Close,,,,Heycroft Primary - Primary,,Green Lane,,,,opp,,E,E0042041,Eastwood,Southend-on-Sea,,Southend-on-Sea,,Eastwood,,0,UKOS,584789,189243,0.66512611,51.5717672,BCT,MKD,OTH,,,,053,2006-10-02T00:00:00,2026-09-16T10:49:11,58,revise,active
15800432,soadgpmg,,,Green Lane,,,,,,Green Lane,,,,E-bound,,E,E0042041,Eastwood,Southend-on-Sea,,Southend-on-Sea,,Eastwood,,0,UKOS,584315,189347,0.65833433,51.5728567,BCT,MKD,OTH,,,,053,2006-10-02T00:00:00,2023-07-31T08:06:22,56,revise,active
15800433,soadgwmp,,,Green Lane,,,,,,Green Lane,,,,W-bound,,W,E0042041,Eastwood,Southend-on-Sea,,Southend-on-Sea,,Eastwood,,0,UKOS,584261,189341,0.65755284,51.5728204,BCT,MKD,OTH,,,,053,2006-10-02T00:00:00,2023-07-31T08:06:22,56,revise,active
15800434,soadgtdt,,,Nobles Green Upper,,,,,,Nobles Green Road,,,,S-bound,,S,E0042041,Eastwood,Southend-on-Sea,,Southend-on-Sea,,Eastwood,,0,UKOS,584146,189273,0.65585966,51.5722472,BCT,MKD,OTH,,,,053,2006-10-02T00:00:00,2013-10-31T13:58:16,5,revise,active
15800435,soadgtdw,,,Nobles Green Lower,,,,,,Nobles Green Road,,,,S-bound,,S,E0042041,Eastwood,Southend-on-Sea,,Southend-on-Sea,,Eastwood,,0,UKOS,584118,189129,0.65538068,51.5709630,BCT,MKD,OTH,,,,053,2006-10-02T00:00:00,2013-10-31T13:58:16,5,revise,active
15800436,soadadpd,,,Dandies Drive Lower,,,,,,Dandies Drive,,,,N-bound,,N,E0042041,Eastwood,Southend-on-Sea,,Southend-on-Sea,,Eastwood,,0,UKOS,583952,189072,0.65297271,51.5705048,BCT,MKD,OTH,,,,053,2006-10-02T00:00:00,2026-09-16T10:49:11,5,revise,active
15800437,soadadpg,,,Dandies Drive Upper,,,,,,Dandies Drive,,,,N-bound,,N,E0042041,Eastwood,Southend-on-Sea,,Southend-on-Sea,,Eastwood,,0,UKOS,583959,189312,0.65319916,51.5726582,BCT,MKD,OTH,,,,053,2006-10-02T00:00:00,2026-09-16T10:49:11,5,revise,active
15800438,soadadpm,,,David Lloyd,,,,,,Snakes Lane,,,,o/s,,SW,E0042041,Eastwood,Southend-on-Sea,,Southend-on-Sea,,Eastwood,,0,UKOS,585205,188517,0.67072525,51.5651105,BCT,MKD,OTH,,,,053,2006-10-02T00:00:00,2023-07-31T08:06:22,57,revise,active
15800439,soadadpt,,,David Lloyd,,,,,,Snakes Lane,,,,opp,,E,E0042041,Eastwood,Southend-on-Sea,,Southend-on-Sea,,Eastwood,,0,UKOS,585139,188499,0.66976465,51.5649705,BCT,MKD,OTH,,,,053,2006-10-02T00:00:00,2023-07-31T08:06:22,59,revise,active
15800440,soadgpdj,,,Snakes Lane,,,,,,Snakes Lane,,,,W-bound,,SW,E0042041,Eastwood,Southend-on-Sea,,Southend-on-Sea,,Eastwood,,0,UKOS,585373,188652,0.67321797,51.5662769,BCT,MKD,OTH,,,,053,2006-10-02T00:00:00,2026-09-16T10:49:11,58,revise,active
15800441,soadgpdm,,,Snakes Lane,,,,,,Snakes Lane,,,,NE-bound,,NE,E0042041,Eastwood,Southend-on-Sea,,Southend-on-Sea,,Eastwood,,0,UKOS,585359,188653,0.67303115,51.5662901,BCT,MKD,OTH,,,,053,2006-10-02T00:00:00,2026-09-16T10:49:11,59,revise,active
15800442,soadadpw,,,Fulford Drive,,,,,,Whitehouse Road,,,,opp,,W,E0042041,Eastwood,Southend-on-Sea,,Southend-on-Sea,,Eastwood,,0,UKOS,585016,188867,0.66820061,51.5683247,BCT,MKD,OTH,,,,053,2006-10-02T00:00:00,2026-09-16T10:49:11,5,revise,inactive
15800443,soadadta,,,Aldrin Way,,,,,,Whitehouse Road,,,,opp,,W,E0042041,Eastwood,Southend-on-Sea,,Southend-on-Sea,,Eastwood,,0,UKOS,585206,188786,0.67088130,51.5675263,BCT,MKD,OTH,,,,053,2006-10-02T00:00:00,2026-05-27T06:31:27,5,revise,active
15800444,soadgwmt,,,Aldrin Way,,,,,,Whitehouse Road,,,,adj,,E,E0042041,Eastwood,Southend-on-Sea,,Southend-on-Sea,,Eastwood,,0,UKOS,585210,188793,0.67095705,51.5675875,BCT,MKD,OTH,,,,053,2006-10-02T00:00:00,2026-09-16T10:49:11,6,revise,active
15800445,soadgpdp,,,Fulford Drive,,,,,,Whitehouse Road,,,,adj,,E,E0042041,Eastwood,Southend-on-Sea,,Southend-on-Sea,,Eastwood,,0,UKOS,584987,188885,0.66779212,51.5684959,BCT,MKD,OTH,,,,053,2006-10-02T00:00:00,2026-09-16T10:49:11,6,revise,active
15800446,soadgpdw,,,Kent Elms Corner North,,,,Kent Elms Cnr,,Rayleigh Road,,,,S-bound,,S,E0053735,Leigh-on-Sea,Southend-on-Sea,,Southend-on-Sea,,Eastwood,,0,UKOS,584864,188344,0.66572068,51.5636775,BCT,MKD,OTH,,,,053,2006-10-02T00:00:00,2026-09-24T07:38:35,297,revise,active
15800447,soadgpga,,,Kent Elms Corner North,,,,Eastwood School -Eastwood Junior/Kingsdown - Sec,,Rayleigh Road,,,,N-bound,,N,E0053735,Leigh-on-Sea,Southend-on-Sea,,Southend-on-Sea,,Eastwood,,0,UKOS,584861,188278,0.66564277,51.5630857,BCT,MKD,OTH,,,,053,2006-10-02T00:00:00,2026-09-24T07:38:35,297,revise,active
15800448,soadadpj,,,Brooklands Avenue,,,,Eastwood School - Secondary,,Rayleigh Road,,,,opp,,S,E0042041,Eastwood,Southend-on-Sea,,Southend-on-Sea,,Eastwood,,0,UKOS,584635,188550,0.66252824,51.5655937,BCT,MKD,OTH,,,,053,2006-10-02T00:00:00,2023-07-31T08:06:22,56,revise,active
15800449,soadgpdt,,,Brooklands Avenue,,,,Eastwood school - Secondary,,Rayleigh Road,,,,adj,,N,E0042041,Eastwood,Southend-on-Sea,,Southend-on-Sea,,Eastwood,,0,UKOS,584609,188604,0.66218241,51.5660962,BCT,MKD,OTH,,,,053,2006-10-02T00:00:00,2026-09-16T10:49:11,58,revise,active
15800450,soadgpjp,,,Rochford Corner,,,,Rochford Cnr,,Rayleigh Road,,,,E-bound,,E,E0042041,Eastwood,Southend-on-Sea,,Southend-on-Sea,,Eastwood,,1,UKOS,584490,188796,0.66058257,51.5678593,BCT,MKD,OTH,,,,053,2006-10-02T00:00:00,2026-09-16T10:49:11,58,revise,active
15800451,soadgpjt,,,Rochford Corner,,,,,,Rayleigh Road,,,,W-bound,,W,E0042041,Eastwood,Southend-on-Sea,,Southend-on-Sea,,Eastwood,,1,UKOS,584538,188797,0.66127487,51.5678525,BCT,MKD,OTH,,,,053,2006-10-02T00:00:00,2026-09-16T10:49:11,57,revise,active
15800452,soadgpjg,,,Nobles Green Road,,,,,,Rayleigh Road,,,,opp,,W,E0042041,Eastwood,Southend-on-Sea,,Southend-on-Sea,,Eastwood,,1,UKOS,584032,188974,0.65406004,51.5695989,BCT,MKD,OTH,,,,053,2006-10-02T00:00:00,2023-07-31T08:06:22,57,revise,active
15800453,soadgpjm,,,Nobles Green Road,,,,,,Rayleigh Road,,,,adj,,E,E0042041,Eastwood,Southend-on-Sea,,Southend-on-Sea,,Eastwood,,1,UKOS,584121,188967,0.65533963,51.5695160,BCT,MKD,OTH,,,,053,2006-10-02T00:00:00,2026-09-16T10:49:11,58,revise,active
15800454,soadgpja,,,Jones Corner,,,,,,Rayleigh Road,,,,W-bound,,W,E0042041,Eastwood,Southend-on-Sea,,Southend-on-Sea,,Eastwood,,0,UKOS,583756,188989,0.65008998,51.5698235,BCT,MKD,OTH,,,,053,2006-10-02T00:00:00,2023-07-31T08:06:22,56,revise,active
15800455,soadgpjd,,,Jones Corner,,,,,,Rayleigh Road,,,,E-bound,,E,E0042041,Eastwood,Southend-on-Sea,,Southend-on-Sea,,Eastwood,,0,UKOS,583819,188997,0.65100269,51.5698839,BCT,MKD,OTH,,,,053,2006-10-02T00:00:00,2026-09-16T10:49:11,57,revise,active
15800456,soadgpgt,,,Progress Road,,,,Edwards Hall Junior - Primary,,Rayleigh Road,,,,adj,,NW,E0042041,Eastwood,Southend-on-Sea,,Southend-on-Sea,,Eastwood,,0,UKOS,583278,189132,0.64327518,51.5712634,BCT,MKD,OTH,,,,053,2006-10-02T00:00:00,2023-07-31T08:06:22,58,revise,active
15800457,soadgpgw,,,Progress Road,,,,Edwards Hall Junior - Primary,,Rayleigh Road,,,,opp,,E,E0042041,Eastwood,Southend-on-Sea,,Southend-on-Sea,,Eastwood,,0,UKOS,583430,189087,0.64545746,51.5708185,BCT,MKD,OTH,,,,053,2006-10-02T00:00:00,2026-09-16T10:49:11,58,revise,active
15800458,soadgpgm,,,Eastwood Rise,,,,,,Rayleigh Road,,,,adj,,SE,E0042041,Eastwood,Southend-on-Sea,,Southend-on-Sea,,Eastwood,,0,UKOS,582977,189313,0.63903095,51.5729868,BCT,MKD,OTH,,,,053,2006-10-02T00:00:00,2023-07-31T08:06:22,57,revise,active
15800459,soadgpgp,,,Eastwood Rise,,,,,,Rayleigh Road,,,,opp,,NW,E0042041,Eastwood,Southend-on-Sea,,Southend-on-Sea,,Eastwood,,0,UKOS,582966,189303,0.63886719,51.5729005,BCT,MKD,OTH,,,,053,2006-10-02T00:00:00,2023-07-31T08:06:22,57,revise,active
15800460,soadgpgd,,,Rayleigh Avenue,,,,,,Rayleigh Road,,,,adj,,SE,E0042041,Eastwood,Southend-on-Sea,,Southend-on-Sea,,Eastwood,,0,UKOS,582749,189480,0.63630951,51.5743430,BCT,MKD,OTH,,,,053,2006-10-02T00:00:00,2026-09-16T10:49:11,9,revise,active
15800461,soadgpgj,,,Glenwood Avenue,,,,,,Rayleigh Road,,,,adj,,NW,E0042041,Eastwood,Southend-on-Sea,,Southend-on-Sea,,Eastwood,,0,UKOS,582727,189483,0.63578294,51.5744718,BCT,MKD,OTH,,,,053,2006-10-02T00:00:00,2026-09-16T10:49:11,9,revise,active
15800462,soadgpjw,,,Bosworth Road,,,,Edwards Hall Junior - Primary,,Gravel Road,,,,SE-bound,,SE,E0042041,Eastwood,Southend-on-Sea,,Southend-on-Sea,,Eastwood,,0,UKOS,583436,189433,0.64572444,51.5739242,BCT,MKD,OTH,,,,053,2006-10-02T00:00:00,2026-09-16T10:49:11,4,revise,inactive
15800463,soadgpma,,,Gravel Road,,,,,,Gravel Road,,,,SE-bound,,SE,E0042041,Eastwood,Southend-on-Sea,,Southend-on-Sea,,Eastwood,,0,UKOS,583138,189593,0.64149744,51.5754495,BCT,MKD,OTH,,,,053,2006-10-02T00:00:00,2024-03-26T09:33:20,3,revise,inactive
15800464,soadgpmd,,,Rayleigh Road,,,,,,Eastwood Rise,,,,from,,NE,E0042041,Eastwood,Southend-on-Sea,,Southend-on-Sea,,Eastwood,,0,UKOS,582967,189380,0.63893661,51.5736005,BCT,MKD,OTH,,,,053,2006-10-02T00:00:00,2026-09-16T10:49:11,4,revise,inactive
15800465,soadgmjm,,,Prittlewell Railway Station,,,,Rail Station,,East Street,,,,o/s,,NE,E0042045,Prittlewell,Southend-on-Sea,,Southend-on-Sea,,Prittlewell,,0,UKOS,587939,186882,0.70925140,51.5495313,BCT,MKD,OTH,,,,053,2006-10-02T00:00:00,2026-09-16T10:49:11,5,revise,inactive
15800466,soadapda,,,Prittlewell Railway Station,,,,Rail Station,,East Street,,,,opp,,SW,E0042045,Prittlewell,Southend-on-Sea,,Southend-on-Sea,,Prittlewell,,0,UKOS,587918,186867,0.70895474,51.5493943,BCT,MKD,OTH,,,,053,2006-10-02T00:00:00,2026-09-16T10:49:11,5,revise,inactive
15800467,soadgmjg,,,St Marys Church Southend,,,,,,East Street,,,,o/s,,W,E0042045,Prittlewell,Southend-on-Sea,,Southend-on-Sea,,Prittlewell,,0,UKOS,587726,186777,0.70614087,51.5486498,BCT,MKD,OTH,,,,053,2006-10-02T00:00:00,2026-09-16T10:49:11,5,revise,inactive
15800468,soadampm,,,St Marys Church Southend,,,,,,East Street,,,,opp,,NE,E0042045,Prittlewell,Southend-on-Sea,,Southend-on-Sea,,Prittlewell,,0,UKOS,587697,186776,0.70572311,51.5486595,BCT,MKD,OTH,,,,053,2006-10-02T00:00:00,2026-09-16T10:49:11,5,revise,inactive
15800469,soadgjwt,,,Tudor Road,,,,Westborough Primary school/St Marys C of E - Pri,,West Road,,,,opp,,NE,E0042045,Prittlewell,Southend-on-Sea,,Southend-on-Sea,,Prittlewell,,0,UKOS,587416,186615,0.70157455,51.5472981,BCT,MKD,OTH,,,,053,2006-10-02T00:00:00,2024-03-26T09:33:20,4,revise,inactive
15800470,soadgmad,,,Tudor Road,,,,Westborough Primary school/St Marys C of E - Pri,,West Road,,,,adj,,SW,E0042045,Prittlewell,Southend-on-Sea,,Southend-on-Sea,,Prittlewell,,0,UKOS,587362,186568,0.70078607,51.5468936,BCT,MKD,OTH,,,,053,2006-10-02T00:00:00,2026-09-16T10:49:11,5,revise,inactive
15800471,soadgmag,,,Hamlet Court Road,,,,,,West Road,,,,opp,,NE,E0042050,Westcliff-on-Sea,Southend-on-Sea,,Southend-on-Sea,,Westcliff-on-Sea,,0,UKOS,587122,186336,0.69719120,51.5448898,BCT,MKD,OTH,,,,053,2006-10-02T00:00:00,2024-03-26T09:33:20,4,revise,inactive
15800472,soadgjtd,,,Hainault Avenue,,,,,,Hainault Avenue,,,,N-bound,,N,E0042050,Westcliff-on-Sea,Southend-on-Sea,,Southend-on-Sea,,Westcliff-on-Sea,,1,UKOS,586844,186273,0.69316829,51.5444246,BCT,MKD,OTH,,,,053,2006-10-02T00:00:00,2026-09-16T10:49:11,8,revise,active
15800473,soadgjtg,,,Westborough Road,,,,,,Hainault Avenue,,,,N-bound,,N,E0042045,Prittlewell,Southend-on-Sea,,Southend-on-Sea,,Prittlewell,,0,UKOS,586840,186535,0.69323475,51.5467705,BCT,MKD,OTH,,,,053,2006-10-02T00:00:00,2023-07-31T08:06:22,59,revise,active
15800474,soadgjtm,,,Westborough Road,,,,,,Glenwood Avenue,,,,S-bound,,S,E0042045,Prittlewell,Southend-on-Sea,,Southend-on-Sea,,Prittlewell,,0,UKOS,586913,186549,0.69429374,51.5468720,BCT,MKD,OTH,,,,053,2006-10-02T00:00:00,2023-07-31T08:06:22,57,revise,active
15800475,soadgjtp,,,West Road turn,,,,,,Glenwood Avenue,,,,S-bound,,S,E0042050,Westcliff-on-Sea,Southend-on-Sea,,Southend-on-Sea,,Westcliff-on-Sea,,1,UKOS,586924,186306,0.69432374,51.5446949,BCT,MKD,OTH,,,,053,2006-10-02T00:00:00,2026-09-16T10:49:11,10,revise,active
15800476,soadgjtj,,,Fairfax Drive,,,,,,Highfield Crescent,,,,N-bound,,N,E0042045,Prittlewell,Southend-on-Sea,,Southend-on-Sea,,Prittlewell,,0,UKOS,586832,186910,0.69331902,51.5501501,BCT,MKD,OTH,,,,053,2006-10-02T00:00:00,2026-09-16T10:49:11,6,revise,active
15800477,soadadjw,,,Highfield Grove,,,,,,Highfield Crescent,,,,adj,,S,E0042045,Prittlewell,Southend-on-Sea,,Southend-on-Sea,,Prittlewell,,0,UKOS,586893,186938,0.69421212,51.5503724,BCT,MKD,OTH,,,,053,2006-10-02T00:00:00,2013-08-26T15:34:09,6,revise,active
15800478,soadgjwp,,,Highfield Gardens,,,,,,Highfield Gardens,,,,Stop K,,S,E0042045,Prittlewell,Southend-on-Sea,,Southend-on-Sea,,Prittlewell,,0,UKOS,586852,187132,0.69372444,51.5521284,BCT,MKD,OTH,,,,053,2006-10-02T00:00:00,2023-07-31T08:06:22,56,revise,active
15800479,soadgjwm,,,Highfield Gardens,,,,S'nd Boys Sch,,Hobleythick Lane,,,,Stop E,,N,E0042045,Prittlewell,Southend-on-Sea,,Southend-on-Sea,,Prittlewell,,0,UKOS,586843,187240,0.69366651,51.5531011,BCT,MKD,OTH,,,,053,2006-10-02T00:00:00,2026-09-16T10:49:11,58,revise,active
15800480,soadadjt,,,Carlton Avenue,,,,,,Hobleythick Lane,,,,Stop F,,N,E0042045,Prittlewell,Southend-on-Sea,,Southend-on-Sea,,Prittlewell,,0,UKOS,586881,187485,0.69432965,51.5552893,BCT,MKD,OTH,,,,053,2006-10-02T00:00:00,2023-07-31T08:06:22,56,revise,active
15800481,soadgjwj,,,Carlton Avenue,,,,,,Hobleythick Lane,,,,opp,,S,E0042045,Prittlewell,Southend-on-Sea,,Southend-on-Sea,,Prittlewell,,0,UKOS,586909,187558,0.69477236,51.5559446,BCT,MKD,OTH,,,,053,2006-10-02T00:00:00,2026-09-16T10:49:11,58,revise,active
15800482,soadgjwd,,,The Bell Southside,,,,Church,,Hobleythick Lane,,,,adj,,N,E0042045,Prittlewell,Southend-on-Sea,,Southend-on-Sea,,Prittlewell,,0,UKOS,586953,187778,0.69553706,51.5578967,BCT,MKD,OTH,,,,053,2006-10-02T00:00:00,2026-09-16T10:49:11,58,revise,active
15800483,soadgjwg,,,The Bell Southside,,,,Church,,Hobleythick Lane,,,,opp,,S,E0042045,Prittlewell,Southend-on-Sea,,Southend-on-Sea,,Prittlewell,,0,UKOS,586948,187717,0.69543314,51.5573594,BCT,MKD,OTH,,,,053,2006-10-02T00:00:00,2026-09-16T10:49:11,59,revise,active
15800484,soadgjpm,,,Cuckoo Corner West,,,,,,Prince Avenue,,,,SE-bound,,SE,E0042045,Prittlewell,Southend-on-Sea,,Southend-on-Sea,,Prittlewell,,0,UKOS,587254,187703,0.69981968,51.5571236,BCT,MKD,OTH,,,,053,2006-10-02T00:00:00,2023-07-31T08:06:22,59,revise,active
15800485,soadgtdj,,,Cuckoo Corner West,,,,,,Prince Avenue,,,,NW-bound,,NW,E0042045,Prittlewell,Southend-on-Sea,,Southend-on-Sea,,Prittlewell,,0,UKOS,587245,187688,0.69968202,51.5569919,BCT,MKD,OTH,,,,053,2006-10-02T00:00:00,2023-07-31T08:06:22,59,revise,active
15800486,soadgjpj,,,Rochford Road,,,,Southend High Boys - Secondary associated,,Prince Avenue,,,,adj,,SE,E0042045,Prittlewell,Southend-on-Sea,,Southend-on-Sea,,Prittlewell,,0,UKOS,587025,187840,0.69660742,51.5584297,BCT,MKD,OTH,,,,053,2006-10-02T00:00:00,2026-09-16T10:49:11,59,revise,active
15800487,soadgtdm,,,Rochford Road,,,,Southend High Boys - Secondary associated,,Prince Avenue,,,,opp,,NW,E0042045,Prittlewell,Southend-on-Sea,,Southend-on-Sea,,Prittlewell,,0,UKOS,586990,187835,0.69608605,51.5583967,BCT,MKD,OTH,,,,053,2006-10-02T00:00:00,2023-07-31T08:06:22,58,revise,active
15800488,soadapgw,,,Prince Close,,,,Tesco Superstore,,Prince Avenue,,,,E-bound,,W,E0042045,Prittlewell,Southend-on-Sea,,Southend-on-Sea,,Prittlewell,,0,UKOS,586320,187978,0.68652287,51.5599112,BCT,MKD,OTH,,,,053,2006-10-02T00:00:00,2026-09-16T10:49:11,9,revise,active
15800489,soadgjpg,,,Colmans Avenue,,,,,,Prince Avenue,,,,adj,,W,E0042045,Prittlewell,Southend-on-Sea,,Southend-on-Sea,,Prittlewell,,0,UKOS,586531,187933,0.68953936,51.5594374,BCT,MKD,OTH,,,,053,2006-10-02T00:00:00,2026-09-16T10:49:11,5,revise,active
15800490,soadgtpa,,,Tesco,,,,,,Thanet Grange,,,,o/s,,S,E0042045,Prittlewell,Southend-on-Sea,,Southend-on-Sea,,Prittlewell,,0,UKOS,586062,188112,0.68287562,51.5611908,BCT,CUS,OTH,,,,053,2006-10-02T00:00:00,2026-09-16T10:49:11,8,revise,active
15800491,soadgjta,,,Somerton Avenue,,,,,,Prince Avenue,,,,adj,,NW,E0042045,Prittlewell,Southend-on-Sea,,Southend-on-Sea,,Prittlewell,,0,UKOS,585564,188171,0.67571681,51.5618940,BCT,MKD,OTH,,,,053,2006-10-02T00:00:00,2026-09-16T10:49:11,59,revise,active
15800492,soadgjpt,,,Somerton Avenue,,,,,,Prince Avenue,,,,opp,,SE,E0042045,Prittlewell,Southend-on-Sea,,Southend-on-Sea,,Prittlewell,,0,UKOS,585620,188126,0.67650003,51.5614714,BCT,MKD,OTH,,,,053,2006-10-02T00:00:00,2026-09-16T10:49:11,60,revise,active
15800493,soadgjpw,,,Somerset Avenue,,,,,,Prince Avenue,,,,adj,,W,E0042045,Prittlewell,Southend-on-Sea,,Southend-on-Sea,,Prittlewell,,0,UKOS,585784,188048,0.67882152,51.5607079,BCT,MKD,OTH,,,,053,2006-10-02T00:00:00,2013-08-26T15:34:09,4,revise,active
15800494,soadadtw,,,Rochester Drive,,,,,,Prince Avenue,,,,W-bound,,W,E0042045,Prittlewell,Southend-on-Sea,,Southend-on-Sea,,Prittlewell,,0,UKOS,586355,187958,0.68700166,51.5597114,BCT,MKD,OTH,,,,053,2006-10-02T00:00:00,2014-04-07T10:17:27,7,revise,active
15800494B,soadjamt,,,Rochester Drive,,,,,,Prince Avenue,,,,opp,,E,E0042045,Prittlewell,Southend-on-Sea,,Southend,,Prittlewell,,0,UKOS,586333,187974,0.68670755,51.5598620,BCT,CUS,OTH,,,,053,2006-10-02T00:00:00,2026-09-16T10:49:11,5,revise,inactive
15800495,soadadwa,,,Brendon Way,,,,,,Prince Avenue,,,,adj,,E,E0042045,Prittlewell,Southend-on-Sea,,Southend-on-Sea,,Prittlewell,,0,UKOS,585310,188305,0.67214114,51.5631717,BCT,MKD,OTH,,,,053,2006-10-02T00:00:00,2026-09-16T10:49:11,58,revise,active
15800496,soadgjpd,,,Brendon Way,,,,,,Prince Avenue,,,,opp,,W,E0042045,Prittlewell,Southend-on-Sea,,Southend-on-Sea,,Prittlewell,,0,UKOS,585187,188286,0.67034425,51.5630417,BCT,MKD,OTH,,,,053,2006-10-02T00:00:00,2023-07-31T08:06:22,58,revise,active
15800497,soadgtga,,,Kent Elms Corner West,,,,,,Arterial Road,,,,W-bound,,W,E0053735,Leigh-on-Sea,Southend-on-Sea,,Southend-on-Sea,,Leigh-on-Sea,,0,UKOS,584816,188224,0.66496540,51.5626064,BCT,MKD,OTH,,,,053,2006-10-02T00:00:00,2023-07-31T08:06:22,59,revise,active
15800498,soadgpwp,,,Eastwood Road North,,,,,,Broomfield Avenue,,,,W-bound,,W,E0053735,Leigh-on-Sea,Southend-on-Sea,,Southend-on-Sea,,Leigh-on-Sea,,0,UKOS,584779,188204,0.66442172,51.5624389,BCT,MKD,OTH,,,,053,2006-10-02T00:00:00,2013-08-26T15:34:09,6,revise,active
15800499,soadadma,,,Broomfield Avenue,,,,,,Hurst Way,,,,adj,,NE,E0053735,Leigh-on-Sea,Southend-on-Sea,,Southend-on-Sea,,Leigh-on-Sea,,0,UKOS,584907,187996,0.66617185,51.5605375,BCT,MKD,OTH,,,,053,2006-10-02T00:00:00,2026-09-16T10:49:11,7,revise,active
15800500,soadgmdg,,,Highfield Gardens,,,,S'nd Boys Sch,,Prittlewell Chase,,,,Stop J,,E,E0042045,Prittlewell,Southend-on-Sea,,Southend-on-Sea,,Prittlewell,,0,UKOS,586897,187200,0.69442325,51.5527239,BCT,MKD,OTH,,,,053,2006-10-02T00:00:00,2026-09-16T10:49:11,59,revise,active
15800501,soadadmj,,,Highfield Gardens,,,,,,Prittlewell Chase,,,,Stop L,,W,E0042045,Prittlewell,Southend-on-Sea,,Southend-on-Sea,,Prittlewell,,0,UKOS,586820,187175,0.69330066,51.5525249,BCT,MKD,OTH,,,,053,2006-10-02T00:00:00,2026-09-16T10:49:11,57,revise,active
15800502,soadadmp,,,Gainsborough Drive,,,,Priory School - Special needs - Secondary/Primar,,Prittlewell Chase,,,,adj,,NW,E0042045,Prittlewell,Southend-on-Sea,,Southend-on-Sea,,Prittlewell,,0,UKOS,587089,187154,0.69716544,51.5522562,BCT,MKD,OTH,,,,053,2006-10-02T00:00:00,2026-09-16T10:49:11,59,revise,active
15800503,soadadmt,,,Gainsborough Drive,,,,Priory School - Special needs - Secondary/Primar,,Prittlewell Chase,,,,opp,,SE,E0042045,Prittlewell,Southend-on-Sea,,Southend-on-Sea,,Prittlewell,,0,UKOS,587143,187149,0.69792634,51.5521937,BCT,MKD,OTH,,,,053,2006-10-02T00:00:00,2026-09-16T10:49:11,59,revise,active
15800504,soadgjap,,,Prittlewell School,,,,Prittlewell School -Lancaster school - Secondary,,Prittlewell Chase,,,,opp,,E,E0042045,Prittlewell,Southend-on-Sea,,Southend-on-Sea,,Prittlewell,,0,UKOS,586132,187247,0.68341238,51.5533991,BCT,MKD,OTH,,,,053,2006-10-02T00:00:00,2023-07-31T08:06:22,56,revise,active
15800505,soadgjgt,,,Prittlewell School,,,,Prittlewell School - Secondary,,Prittlewell Chase,,,,o/s,,W,E0042045,Prittlewell,Southend-on-Sea,,Southend-on-Sea,,Prittlewell,,0,UKOS,586128,187220,0.68334100,51.5531669,BCT,MKD,OTH,,,,053,2006-10-02T00:00:00,2026-09-16T10:49:11,56,revise,active
15800506,soadgjgw,,,Southend Hospital South,,,,Lancaster School - Secondary/Primary,,Prittlewell Chase,,,,Stop B,,W,E0042045,Prittlewell,Southend-on-Sea,,Southend-on-Sea,,Prittlewell,,0,UKOS,586368,187195,0.68679988,51.5528629,BCT,MKD,OTH,,,,053,2006-10-02T00:00:00,2026-09-16T10:49:11,58,revise,active
15800507,soadgjma,,,Southend Hospital South,,,,l,,Prittlewell Chase,,,,Stop C,,E,E0042045,Prittlewell,Southend-on-Sea,,Southend-on-Sea,,Prittlewell,,0,UKOS,586463,187219,0.68664129,51.5531093,BCT,MKD,OTH,,,,053,2006-10-02T00:00:00,2026-09-16T10:49:11,58,revise,active
15800508,soadgjmp,,,Westbourne Grove,,,,,,Carlton Avenue,,,,E-bound,,E,E0042045,Prittlewell,Southend-on-Sea,,Southend-on-Sea,,Prittlewell,,0,UKOS,585898,187646,0.68025184,51.5570598,BCT,MKD,OTH,,,,053,2006-10-02T00:00:00,2023-07-31T08:06:22,57,revise,active
15800509,soadgjmt,,,Westbourne Grove,,,,,,Carlton Avenue,,,,W-bound,,W,E0042045,Prittlewell,Southend-on-Sea,,Southend-on-Sea,,Prittlewell,,0,UKOS,585844,187643,0.67948661,51.5570503,BCT,MKD,OTH,,,,053,2006-10-02T00:00:00,2026-09-16T10:49:11,59,revise,active
15800510,soadgjmw,,,Northville Drive,,,,,,Carlton Avenue,,,,E-bound,,E,E0042045,Prittlewell,Southend-on-Sea,,Southend-on-Sea,,Prittlewell,,0,UKOS,586042,187630,0.68266345,51.5568518,BCT,MKD,OTH,,,,053,2006-10-02T00:00:00,2026-09-16T10:49:11,59,revise,active
15800511,soadgjpa,,,Hobleythick Lane,,,,,,Carlton Avenue,,,,E-bound,,E,E0042045,Prittlewell,Southend-on-Sea,,Southend-on-Sea,,Prittlewell,,0,UKOS,586824,187536,0.69354989,51.5557659,BCT,MKD,OTH,,,,053,2006-10-02T00:00:00,2026-09-16T10:49:11,59,revise,active
15800512,soadapgm,,,Southend Hospital North,,,,Earls Hall Infant & Junior - Primary,,Carlton Avenue,,,,Stop H,,W,E0042045,Prittlewell,Southend-on-Sea,,Southend-on-Sea,,Prittlewell,,0,UKOS,586467,187582,0.68843066,51.5562970,BCT,MKD,OTH,,,,053,2006-10-02T00:00:00,2026-09-16T10:49:11,57,revise,active
15800513,soadapgp,,,Southend Hospital North,,,,Earls Hall Infant & Junior - Primary,,Carlton Avenue,,,,Stop G,,E,E0042045,Prittlewell,Southend-on-Sea,,Southend-on-Sea,,Prittlewell,,0,UKOS,586585,187577,0.69011428,51.5562224,BCT,MKD,OTH,,,,053,2006-10-02T00:00:00,2026-09-16T10:49:11,57,revise,active
15800514,soadadjp,,,Northville Drive,,,,,,Carlton Avenue,,,,W-bound,,W,E0042045,Prittlewell,Southend-on-Sea,,Southend-on-Sea,,Prittlewell,,0,UKOS,586013,187626,0.68191316,51.5568510,BCT,MKD,OTH,,,,053,2006-10-02T00:00:00,2026-09-16T10:49:11,58,revise,active
15800515,soadgdtj,,,Southbourne Grove,,,,,,Southbourne Grove,,,,N-bound,,N,E0042045,Prittlewell,Southend-on-Sea,,Southend-on-Sea,,Prittlewell,,0,UKOS,585784,187332,0.67844353,51.5542771,BCT,MKD,OTH,,,,053,2006-10-02T00:00:00,2023-07-31T08:06:22,57,revise,active
15800516,soadadmd,,,Rosary Gardens,,,,,,Southbourne Grove,,,,adj,,S,E0042045,Prittlewell,Southend-on-Sea,,Southend-on-Sea,,Prittlewell,,0,UKOS,585841,187792,0.67950766,51.5583899,BCT,MKD,OTH,,,,053,2006-10-02T00:00:00,2023-07-31T08:06:22,56,revise,active
15800517,soadgjmd,,,Bridgwater Drive,,,,,,Southbourne Grove,,,,opp,,S,E0042045,Prittlewell,Southend-on-Sea,,Southend-on-Sea,,Prittlewell,,0,UKOS,585812,187566,0.67898541,51.5563782,BCT,MKD,OTH,,,,053,2006-10-02T00:00:00,2026-09-16T10:49:11,58,revise,active
15800518,soadgjmg,,,Bridgwater Drive,,,,,,Southbourne Grove,,,,adj,,N,E0042045,Prittlewell,Southend-on-Sea,,Southend-on-Sea,,Prittlewell,,0,UKOS,585810,187613,0.67896647,51.5567924,BCT,MKD,OTH,,,,053,2006-10-02T00:00:00,2023-07-31T08:06:22,57,revise,active
15800519,soadgjmj,,,Badgers Close,,,,,,Southbourne Grove,,,,adj,,S,E0042045,Prittlewell,Southend-on-Sea,,Southend-on-Sea,,Prittlewell,,0,UKOS,585867,187985,0.67998423,51.5601148,BCT,MKD,OTH,,,,053,2006-10-02T00:00:00,2013-08-26T15:34:09,4,revise,active
15800520,soadadjm,,,Kent Elms Corner South,,,,,,Bridgwater Drive,,,,S-bound,,S,E0053735,Leigh-on-Sea,Southend-on-Sea,,Southend-on-Sea,,Leigh-on-Sea,,0,UKOS,584910,188168,0.66629054,51.5620727,BCT,MKD,OTH,,,,053,2006-10-02T00:00:00,2023-07-31T08:06:22,57,revise,active
15800521,soadgptg,,,Kent Elms Corner South,,,,,,Bridgwater Drive,,,,N-bound,,N,E0053735,Leigh-on-Sea,Southend-on-Sea,,Southend-on-Sea,,Leigh-on-Sea,,0,UKOS,584906,188156,0.66622712,51.5619752,BCT,MKD,OTH,,,,053,2006-10-02T00:00:00,2026-09-16T10:49:11,59,revise,active
15800522,soadgptj,,,Hurst Way,,,,,,Bridgwater Drive,,,,opp,,SE,E0053735,Leigh-on-Sea,Southend-on-Sea,,Southend-on-Sea,,Leigh-on-Sea,,0,UKOS,584974,188010,0.66713025,51.5606416,BCT,MKD,OTH,,,,053,2006-10-02T00:00:00,2026-09-16T10:49:11,59,revise,active
15800523,soadgptm,,,Hurst Way,,,,,,Bridgwater Drive,,,,adj,,NW,E0053735,Leigh-on-Sea,Southend-on-Sea,,Southend-on-Sea,,Leigh-on-Sea,,0,UKOS,584969,188006,0.66705557,51.5605983,BCT,MKD,OTH,,,,053,2006-10-02T00:00:00,2023-07-31T08:06:22,58,revise,active
15800524,soadgptp,,,Dulverton Avenue,,,,,,Bridgwater Drive,,,,adj,,SE,E0053735,Leigh-on-Sea,Southend-on-Sea,,Southend-on-Sea,,Leigh-on-Sea,,0,UKOS,585322,187795,0.67203103,51.5585874,BCT,MKD,OTH,,,,053,2006-10-02T00:00:00,2023-07-31T08:06:22,58,revise,active
15800525,soadgptw,,,Dulverton Avenue,,,,,,Bridgwater Drive,,,,opp,,NW,E0053735,Leigh-on-Sea,Southend-on-Sea,,Southend-on-Sea,,Leigh-on-Sea,,0,UKOS,585275,187811,0.67136276,51.5587556,BCT,MKD,OTH,,,,053,2006-10-02T00:00:00,2026-09-16T10:49:11,59,revise,active
15800526,soadgpwa,,,Mannering Gardens North,,,,,,Bridgwater Drive,,,,opp,,SE,E0053735,Leigh-on-Sea,Southend-on-Sea,,Southend-on-Sea,,Leigh-on-Sea,,0,UKOS,585480,187698,0.67425704,51.5576733,BCT,MKD,OTH,,,,053,2006-10-02T00:00:00,2026-09-16T10:49:11,59,revise,active
15800527,soadgpwd,,,Mannering Gardens North,,,,,,Bridgwater Drive,,,,adj,,NW,E0053735,Leigh-on-Sea,Southend-on-Sea,,Southend-on-Sea,,Leigh-on-Sea,,0,UKOS,585540,187653,0.67511225,51.5572491,BCT,MKD,OTH,,,,053,2006-10-02T00:00:00,2026-09-16T10:49:11,59,revise,active
15800528,soadgmaj,,,Priory Park,,,,Prospects Training,,Fairfax Drive,,,,SW-bound,,SW,E0042045,Prittlewell,Southend-on-Sea,,Southend-on-Sea,,Prittlewell,,1,UKOS,587461,186976,0.70242992,51.5505341,BCT,MKD,OTH,,,,053,2006-10-02T00:00:00,2026-09-16T10:49:11,58,revise,active
15800529,soadgmam,,,Priory Park,,,,Prospects Training,,Fairfax Drive,,,,NE-bound,,NE,E0042045,Prittlewell,Southend-on-Sea,,Southend-on-Sea,,Prittlewell,,1,UKOS,587444,186980,0.70218714,51.5505757,BCT,MKD,OTH,,,,053,2006-10-02T00:00:00,2026-09-16T10:49:11,58,revise,active
15800530,soadgmap,,,Shakespeare Drive,,,,,,Fairfax Drive,,,,W-bound,,W,E0042045,Prittlewell,Southend-on-Sea,,Southend-on-Sea,,Prittlewell,,0,UKOS,587247,186884,0.69929808,51.5497788,BCT,MKD,OTH,,,,053,2006-10-02T00:00:00,2026-09-16T10:49:11,59,revise,active
15800531,soadgmat,,,Shakespeare Drive,,,,,,Fairfax Drive,,,,E-bound,,E,E0042045,Prittlewell,Southend-on-Sea,,Southend-on-Sea,,Prittlewell,,0,UKOS,587220,186886,0.69889578,51.5498061,BCT,MKD,OTH,,,,053,2006-10-02T00:00:00,2026-09-16T10:49:11,59,revise,active
15800532,soadgmaw,,,Inverness Avenue,,,,,,Fairfax Drive,,,,adj,,W,E0042045,Prittlewell,Southend-on-Sea,,Southend-on-Sea,,Prittlewell,,0,UKOS,586993,186870,0.69563102,51.5497283,BCT,MKD,OTH,,,,053,2006-10-02T00:00:00,2026-09-16T10:49:11,58,revise,active
15800533,soadgmda,,,Inverness Avenue,,,,,,Fairfax Drive,,,,opp,,E,E0042045,Prittlewell,Southend-on-Sea,,Southend-on-Sea,,Prittlewell,,0,UKOS,586966,186878,0.69523244,51.5498184,BCT,MKD,OTH,,,,053,2006-10-02T00:00:00,2026-09-16T10:49:11,58,revise,active
15800534,soadgdwp,,,Ramuz Drive,,,,,,Fairfax Drive,,,,opp,,E,E0042045,Prittlewell,Southend-on-Sea,,Southend-on-Sea,,Prittlewell,,0,UKOS,586745,186907,0.69206410,51.5501520,BCT,MKD,OTH,,,,053,2006-10-02T00:00:00,2026-09-16T10:49:11,5,revise,active
15800535,soadadmw,,,Beedell Avenue,,,,,,Fairfax Drive,,,,adj,,W,E0042045,Prittlewell,Southend-on-Sea,,Southend-on-Sea,,Prittlewell,,0,UKOS,586711,186909,0.69157536,51.5501812,BCT,CUS,OTH,,,,053,2006-10-02T00:00:00,2026-09-22T07:07:55,7,revise,active
15800536,soadgdwj,,,North View Drive,,,,,,Fairfax Drive,,,,adj,,W,E0042045,Prittlewell,Southend-on-Sea,,Southend-on-Sea,,Prittlewell,,0,UKOS,586489,186942,0.68840909,51.5505506,BCT,MKD,OTH,,,,053,2006-10-02T00:00:00,2026-09-16T10:49:11,4,revise,active
15800537,soadgdwm,,,North View Drive,,,,,,Fairfax Drive,,,,opp,,E,E0042045,Prittlewell,Southend-on-Sea,,Southend-on-Sea,,Prittlewell,,0,UKOS,586569,186941,0.68954665,51.5505155,BCT,CUS,OTH,,,,053,2006-10-02T00:00:00,2026-09-16T10:49:11,2,revise,inactive
15800538,soadgdwt,,,Southend Hospital Path,,,,Prittlewell Schools - Secondary,,Fairfax Drive,,,,Stop N,,E,E0042045,Prittlewell,Southend-on-Sea,,Southend-on-Sea,,Prittlewell,,0,UKOS,586364,186958,0.68660184,51.5507269,BCT,MKD,OTH,,,,053,2006-10-02T00:00:00,2023-07-31T08:06:22,56,revise,active
15800539,soadgjad,,,Southend Hospital Path,,,,Prittlewell Schools - Secondary,,Fairfax Drive,,,,Stop M,,W,E0042045,Prittlewell,Southend-on-Sea,,Southend-on-Sea,,Prittlewell,,0,UKOS,586306,186954,0.68577857,51.5507098,BCT,MKD,OTH,,,,053,2006-10-02T00:00:00,2026-09-16T10:49:11,57,revise,active
15800540,soadgjag,,,Fairmead Avenue,,,,,,Fairfax Drive,,,,adj,,W,E0042045,Prittlewell,Southend-on-Sea,,Southend-on-Sea,,Prittlewell,,0,UKOS,586011,186970,0.68153768,51.5509597,BCT,MKD,OTH,,,,053,2006-10-02T00:00:00,2026-09-16T10:49:11,58,revise,active
15800541,soadgjaj,,,Fairmead Avenue,,,,,,Fairfax Drive,,,,opp,,E,E0042045,Prittlewell,Southend-on-Sea,,Southend-on-Sea,,Prittlewell,,0,UKOS,586081,186974,0.68253331,51.5509639,BCT,MKD,OTH,,,,053,2006-10-02T00:00:00,2023-07-31T08:06:22,57,revise,active
15800542,soadgjam,,,Cavendish Gardens,,,,,,Fairfax Drive,,,,E-bound,,E,E0042045,Prittlewell,Southend-on-Sea,,Southend-on-Sea,,Prittlewell,,0,UKOS,585790,186947,0.67834171,51.5508259,BCT,MKD,OTH,,,,053,2006-10-02T00:00:00,2026-09-16T10:49:11,58,revise,active
15800543,soadgtaj,,,Cavendish Gardens,,,,,,Cavendish Gardens,,,,W-bound,,W,E0042045,Prittlewell,Southend-on-Sea,,Southend-on-Sea,,Prittlewell,,0,UKOS,585732,186921,0.67747801,51.5506118,BCT,MKD,OTH,,,,053,2006-10-02T00:00:00,2026-09-16T10:49:11,58,revise,active
15800544,soadgdwd,,,Albany,,,,Westcliff/St Thomas more Schools/Our lady of Lou,,Cavendish Gardens,,,,E-bound,,E,E0053735,Leigh-on-Sea,Southend-on-Sea,,Southend-on-Sea,,Leigh-on-Sea,,0,UKOS,585508,186879,0.67422885,51.5503082,BCT,MKD,OTH,,,,053,2006-10-02T00:00:00,2026-09-16T10:49:11,58,revise,active
15800545,soadgdwg,,,Albany,,,,Westcliff/St Thomas more Schools/Our lady of Lou,,Cavendish Gardens,,,,opp,,W,E0053735,Leigh-on-Sea,Southend-on-Sea,,Southend-on-Sea,,Leigh-on-Sea,,0,UKOS,585472,186864,0.67371619,51.5501760,BCT,MKD,OTH,,,,053,2006-10-02T00:00:00,2026-09-16T10:49:11,59,revise,active
15800546,soadgdtw,,,Eastwood Boulevard North,,,,Westcliff High Schools - Secondary,,Eastwood Boulevard,,,,S-bound,,S,E0053735,Leigh-on-Sea,Southend-on-Sea,,Southend-on-Sea,,Leigh-on-Sea,,0,UKOS,585273,187195,0.67100914,51.5532146,BCT,MKD,OTH,,,,053,2006-10-02T00:00:00,2023-07-31T08:06:22,57,revise,active
15800547,soadgdwa,,,Eastwood Boulevard North,,,,Westcliff High Schools - Secondary,,Eastwood Boulevard,,,,N-bound,,N,E0053735,Leigh-on-Sea,Southend-on-Sea,,Southend-on-Sea,,Leigh-on-Sea,,0,UKOS,585264,187196,0.67089493,51.5532351,BCT,MKD,OTH,,,,053,2006-10-02T00:00:00,2026-09-16T10:49:11,59,revise,active
15800548,soadgdpt,,,Westcliff High Schools,,,,Westcliff High Schools - Secondary,,Kenilworth Gardens,,,,Stop A,,W,E0053735,Leigh-on-Sea,Southend-on-Sea,,Southend-on-Sea,,Leigh-on-Sea,,0,UKOS,585097,187226,0.66849028,51.5535597,BCT,MKD,OTH,,,,053,2006-10-02T00:00:00,2026-09-16T10:49:11,57,revise,active
15800549,soadgwap,,,Westcliff High Schools,,,,Westcliff Schs,,Kenilworth Gardens,,,,Stop B,,W,E0053735,Leigh-on-Sea,Southend-on-Sea,,Southend-on-Sea,,Leigh-on-Sea,,0,UKOS,585108,187225,0.66866212,51.5535378,BCT,MKD,OTH,,,,053,2006-10-02T00:00:00,2026-09-16T10:49:11,58,revise,active
15800550,soadgdpw,,,Westcliff High Schools,,,,Westcliff High Schools - Secondary,,Kenilworth Gardens,,,,Stop C,,E,E0053735,Leigh-on-Sea,Southend-on-Sea,,Southend-on-Sea,,Leigh-on-Sea,,0,UKOS,585076,187251,0.66820087,51.5537911,BCT,MKD,OTH,,,,053,2006-10-02T00:00:00,2026-09-16T10:49:11,57,revise,active
15800551,soadgwat,,,Westcliff High Schools,,,,Westcliff High Schools - Secondary,,Kenilworth Gardens,,,,Stop D,,E,E0053735,Leigh-on-Sea,Southend-on-Sea,,Southend-on-Sea,,Leigh-on-Sea,,0,UKOS,585065,187252,0.66805732,51.5538034,BCT,MKD,OTH,,,,053,2006-10-02T00:00:00,2026-09-16T10:49:11,57,revise,active
15800552,soadgdta,,,St Thomas Moore School,,,,St Thomas More,,Kenilworth Gardens,,,,o/s,,E,E0053735,Leigh-on-Sea,Southend-on-Sea,,Southend-on-Sea,,Leigh-on-Sea,,0,UKOS,585254,187262,0.67162965,51.5539559,BCT,MKD,OTH,,,,053,2006-10-02T00:00:00,2026-09-16T10:49:11,59,revise,active
15800553,soadgdtd,,,St Thomas Moore School,,,,St Thomas More -Catholic - Secondary,,Kenilworth Gardens,,,,opp,,W,E0053735,Leigh-on-Sea,Southend-on-Sea,,Southend-on-Sea,,Leigh-on-Sea,,0,UKOS,585286,187245,0.67123769,51.5536680,BCT,MKD,OTH,,,,053,2006-10-02T00:00:00,2026-09-16T10:49:11,58,revise,active
15800554,soadadmg,,,Southbourne Grove,,,,,,Prittlewell Chase,,,,E-bound,,E,E0042045,Prittlewell,Southend-on-Sea,,Southend-on-Sea,,Prittlewell,,0,UKOS,585838,187278,0.67919355,51.5537833,BCT,MKD,OTH,,,,053,2006-10-02T00:00:00,2026-09-16T10:49:11,58,revise,active
15800555,soadgdtp,,,Southbourne Grove,,,,,,Kenilworth Gardens,,,,W-bound,,W,E0042045,Prittlewell,Southend-on-Sea,,Southend-on-Sea,,Prittlewell,,0,UKOS,585746,187266,0.67787562,51.5536965,BCT,MKD,OTH,,,,053,2006-10-02T00:00:00,2026-09-16T10:49:11,58,revise,active
15800556,soadgdtg,,,Mannering Gardens South,,,,,,Kenilworth Gardens,,,,adj,,E,E0053735,Leigh-on-Sea,Southend-on-Sea,,Southend-on-Sea,,Leigh-on-Sea,,0,UKOS,585525,187315,0.67471742,51.5542093,BCT,MKD,OTH,,,,053,2006-10-02T00:00:00,2026-09-16T10:49:11,58,revise,active
15800557,soadgdtm,,,Mannering Gardens South,,,,,,Kenilworth Gardens,,,,opp,,W,E0053735,Leigh-on-Sea,Southend-on-Sea,,Southend-on-Sea,,Leigh-on-Sea,,0,UKOS,585477,187286,0.67399669,51.5539739,BCT,MKD,OTH,,,,053,2006-10-02T00:00:00,2026-09-16T10:49:11,58,revise,active
15800558,soadgdja,,,Blenheim Park,,,,,,Blenheim Chase,,,,o/s,,E,E0053735,Leigh-on-Sea,Southend-on-Sea,,Southend-on-Sea,,Leigh-on-Sea,,0,UKOS,584815,187284,0.66445731,51.5541640,BCT,MKD,OTH,,,,053,2006-10-02T00:00:00,2023-07-31T08:06:22,58,revise,active
15800559,soadgdjd,,,Blenheim Park,,,,,,Blenheim Chase,,,,opp,,W,E0053735,Leigh-on-Sea,Southend-on-Sea,,Southend-on-Sea,,Leigh-on-Sea,,0,UKOS,584801,187253,0.66423932,51.5538902,BCT,MKD,OTH,,,,053,2006-10-02T00:00:00,2023-07-31T08:06:22,59,revise,active
15800560,soadadgt,,,School Way,,,,Blenheim School - Primary,,Blenheim Chase,,,,adj,,E,E0053735,Leigh-on-Sea,Southend-on-Sea,,Southend-on-Sea,,Leigh-on-Sea,,0,UKOS,584587,187301,0.66119620,51.5544000,BCT,MKD,OTH,,,,053,2006-10-02T00:00:00,2026-09-16T10:49:11,60,revise,active
15800561,soadgdjg,,,School Way,,,,Blenheim School - Primary,,Blenheim Chase,,,,opp,,W,E0053735,Leigh-on-Sea,Southend-on-Sea,,Southend-on-Sea,,Leigh-on-Sea,,0,UKOS,584510,187277,0.66007422,51.5542096,BCT,MKD,OTH,,,,053,2006-10-02T00:00:00,2026-09-16T10:49:11,60,revise,active
15800562,soadgdgw,,,Elmsleigh Drive,,,,,,Blenheim Chase,,,,E-bound,,E,E0053735,Leigh-on-Sea,Southend-on-Sea,,Southend-on-Sea,,Leigh-on-Sea,,0,UKOS,584221,187253,0.65588341,51.5540887,BCT,MKD,OTH,,,,053,2006-10-02T00:00:00,2026-09-16T10:49:11,60,revise,active
15800563,soadgatd,,,Station Road,,,,,,Blenheim Chase,,,,adj,,W,E0053735,Leigh-on-Sea,Southend-on-Sea,,Southend-on-Sea,,Leigh-on-Sea,,0,UKOS,584136,187226,0.65465904,51.5538736,BCT,CUS,OTH,,,,053,2006-10-02T00:00:00,2026-09-16T10:49:11,55,revise,active
15800564,soadadgp,,,Station Road,,,,,,Blenheim Chase,,,,opp,,E,E0053735,Leigh-on-Sea,Southend-on-Sea,,Southend-on-Sea,,Leigh-on-Sea,,0,UKOS,584138,187250,0.65468600,51.5540888,BCT,CUS,OTH,,,,053,2006-10-02T00:00:00,2026-09-16T10:49:11,55,revise,active
15800565,soadgatg,,,Tankerville Drive,,,,,,Blenheim Chase,,,,adj,,W,E0053735,Leigh-on-Sea,Southend-on-Sea,,Southend-on-Sea,,Leigh-on-Sea,,0,UKOS,583866,187305,0.65079529,51.5546625,BCT,CUS,OTH,,,,053,2006-10-02T00:00:00,2023-07-31T08:06:22,55,revise,active
15800566,soadgata,,,Tankerville Drive,,,,,,Blenheim Chase,,,,opp,,SE,E0053735,Leigh-on-Sea,Southend-on-Sea,,Southend-on-Sea,,Leigh-on-Sea,,0,UKOS,583953,187301,0.65206110,51.5545979,BCT,CUS,OTH,,,,053,2006-10-02T00:00:00,2026-09-16T10:49:11,57,revise,active
15800567,soadgdjm,,,Elmsleigh Drive,,,,,,Blenheim Chase,,,,W-bound,,W,E0053735,Leigh-on-Sea,Southend-on-Sea,,Southend-on-Sea,,Leigh-on-Sea,,0,UKOS,584226,187229,0.65595677,51.5538622,BCT,CUS,OTH,,,,053,2006-10-02T00:00:00,2026-09-16T10:49:11,60,revise,active
15800568,soadgapw,,,Popular Roadhouse,,,,,,Blenheim Chase,,,,E-bound,,E,N0078222,Belfairs,Leigh-on-Sea,,Southend-on-Sea,,Leigh-on-Sea,,0,UKOS,583697,187343,0.64838018,51.5550588,BCT,CUS,OTH,,,,053,2006-10-02T00:00:00,2023-07-31T08:06:22,54,revise,active
15800569,soadgdgt,,,Treecot Drive,,,,,,Mountdale Gardens,,,,adj,,S,E0053735,Leigh-on-Sea,Southend-on-Sea,,Southend-on-Sea,,Leigh-on-Sea,,0,UKOS,584995,187477,0.66715212,51.5558385,BCT,MKD,OTH,,,,053,2006-10-02T00:00:00,2023-07-31T08:06:22,57,revise,active
15800570,soadgdgj,,,Stonehill Road,,,,,,Mountdale Gardens,,,,adj,,SE,E0053735,Leigh-on-Sea,Southend-on-Sea,,Southend-on-Sea,,Leigh-on-Sea,,0,UKOS,584480,187858,0.65993162,51.5594291,BCT,MKD,OTH,,,,053,2006-10-02T00:00:00,2016-04-24T13:22:43,7,revise,active
15800571,soadgdgm,,,Picketts Avenue,,,,,,Mountdale Gardens,,,,adj,,NW,E0053735,Leigh-on-Sea,Southend-on-Sea,,Southend-on-Sea,,Leigh-on-Sea,,0,UKOS,584448,187866,0.65947471,51.5595114,BCT,MKD,OTH,,,,053,2006-10-02T00:00:00,2016-04-24T13:22:43,8,revise,active
15800572,soadgdgp,,,Sandhurst Crescent,,,,,,Mountdale Gardens,,,,adj,,SE,E0053735,Leigh-on-Sea,Southend-on-Sea,,Southend-on-Sea,,Leigh-on-Sea,,0,UKOS,584726,187762,0.66342644,51.5584954,BCT,MKD,OTH,,,,053,2006-10-02T00:00:00,2026-09-16T10:49:11,59,revise,active
15800573,soadadja,,,Sandhurst Crescent,,,,,,Mountdale Gardens,,,,opp,,NW,E0053735,Leigh-on-Sea,Southend-on-Sea,,Southend-on-Sea,,Leigh-on-Sea,,0,UKOS,584747,187732,0.66372769,51.5582187,BCT,MKD,OTH,,,,053,2006-10-02T00:00:00,2026-09-16T10:49:11,59,revise,active
15800574,soadgdga,,,Highbank Close,,,,,,Eastwood Road North,,,,adj,,SW,E0053735,Leigh-on-Sea,Southend-on-Sea,,Southend-on-Sea,,Leigh-on-Sea,,0,UKOS,584646,188140,0.66247209,51.5619166,BCT,MKD,OTH,,,,053,2006-10-02T00:00:00,2026-09-16T10:49:11,61,revise,active
15800575,soadgdgd,,,Highbank Close,,,,,,Eastwood Road North,,,,opp,,NE,E0053735,Leigh-on-Sea,Southend-on-Sea,,Southend-on-Sea,,Leigh-on-Sea,,0,UKOS,584657,188159,0.66264004,51.5620747,BCT,MKD,OTH,,,,053,2006-10-02T00:00:00,2023-07-31T08:06:22,60,revise,active
15800576,soadapgd,,,Coombes Corner,,,,,,Eastwood Road North,,,,E-bound,,E,E0053735,Leigh-on-Sea,Southend-on-Sea,,Southend-on-Sea,,Leigh-on-Sea,,0,UKOS,584228,187948,0.65634757,51.5603197,BCT,MKD,OTH,,,,053,2006-10-02T00:00:00,2023-07-31T08:06:22,57,revise,active
15800577,soadgawp,,,Coombes Corner,,,,,,Eastwood Road North,,,,W-bound,,W,E0053735,Leigh-on-Sea,Southend-on-Sea,,Southend-on-Sea,,Leigh-on-Sea,,0,UKOS,584227,187939,0.65632845,51.5602392,BCT,MKD,OTH,,,,053,2006-10-02T00:00:00,2023-07-31T08:06:22,57,revise,active
15800578,soadgawj,,,Danesleigh Gardens,,,,,,Eastwood Road North,,,,adj,,W,N0078222,Belfairs,Leigh-on-Sea,,Southend-on-Sea,,Leigh-on-Sea,,0,UKOS,583886,187861,0.65138839,51.5596495,BCT,MKD,OTH,,,,053,2006-10-02T00:00:00,2026-09-16T10:49:11,58,revise,active
15800579,soadgawm,,,Danesleigh Gardens,,,,,,Eastwood Road North,,,,opp,,E,N0078222,Belfairs,Leigh-on-Sea,,Southend-on-Sea,,Leigh-on-Sea,,0,UKOS,583912,187875,0.65175594,51.5597671,BCT,MKD,OTH,,,,053,2006-10-02T00:00:00,2023-07-31T08:06:22,57,revise,active
15800580,soadgawd,,,Woodcutters,,,,Shops,,Eastwood Road North,,,,opp,,SW,N0078222,Belfairs,Leigh-on-Sea,,Southend-on-Sea,,Leigh-on-Sea,,0,UKOS,583627,187744,0.64758084,51.5586833,BCT,CUS,OTH,,,,053,2006-10-02T00:00:00,2023-07-31T08:06:22,59,revise,active
15800581,soadgawg,,,Woodcutters,,,,Shops,,Eastwood Road North,,,,o/s,,NE,N0078222,Belfairs,Leigh-on-Sea,,Southend-on-Sea,,Leigh-on-Sea,,0,UKOS,583654,187776,0.64800100,51.5589616,BCT,MKD,OTH,,,,053,2006-10-02T00:00:00,2026-09-16T10:49:11,59,revise,active
15800582,soadgatw,,,Belfairs Sports Ground,,,,,,Eastwood Road North,,,,opp,,NE,N0078222,Belfairs,Leigh-on-Sea,,Southend-on-Sea,,Leigh-on-Sea,,0,UKOS,583535,187706,0.64625030,51.5583805,BCT,MKD,OTH,,,,053,2006-10-02T00:00:00,2026-09-16T10:49:11,60,revise,active
15800583,soadgawa,,,Belfairs Sports Ground,,,,,,Eastwood Road North,,,,o/s,,SW,N0078222,Belfairs,Leigh-on-Sea,,Southend-on-Sea,,Leigh-on-Sea,,0,UKOS,583542,187701,0.64633362,51.5583247,BCT,MKD,OTH,,,,053,2006-10-02T00:00:00,2023-07-31T08:06:22,58,revise,active
15800584,soadgatm,,,Belfairs Golf Club,,,,golf course,,Eastwood Road North,,,,opp,,S,N0078222,Belfairs,Leigh-on-Sea,,Southend-on-Sea,,Leigh-on-Sea,,0,UKOS,583430,187533,0.64454734,51.5568810,BCT,MKD,OTH,,,,053,2006-10-02T00:00:00,2026-09-16T10:49:11,60,revise,active
15800585,soadgatp,,,Belfairs Golf Club,,,,,,Eastwood Road North,,,,o/s,,N,N0078222,Belfairs,Leigh-on-Sea,,Southend-on-Sea,,Leigh-on-Sea,,0,UKOS,583422,187536,0.64453293,51.5568814,BCT,MKD,OTH,,,,053,2006-10-02T00:00:00,2026-09-16T10:49:11,59,revise,active
15800586,soadgatj,,,Popular Roadhouse,,,,,,Eastwood Road,,,,W-bound,,W,N0078222,Belfairs,Leigh-on-Sea,,Southend-on-Sea,,Leigh-on-Sea,,0,UKOS,583600,187333,0.64697789,51.5550095,BCT,MKD,OTH,,,,053,2006-10-02T00:00:00,2026-09-16T10:49:11,60,revise,active
15800587,soadgapm,,,Bonchurch Avenue,,,,,,Eastwood Road,,,,opp,,N,E0053735,Leigh-on-Sea,Southend-on-Sea,,Southend-on-Sea,,Leigh-on-Sea,,0,UKOS,583653,186973,0.64755369,51.5517588,BCT,MKD,OTH,,,,053,2006-10-02T00:00:00,2026-09-16T10:49:11,5,revise,inactive
15800588,soadgwmw,,,Bonchurch Avenue,,,,,,Eastwood Road,,,,adj,,S,E0053735,Leigh-on-Sea,Southend-on-Sea,,Southend-on-Sea,,Leigh-on-Sea,,0,UKOS,583657,187009,0.64764399,51.5520716,BCT,MKD,OTH,,,,053,2006-10-02T00:00:00,2026-09-16T10:49:11,6,revise,active
15800589,soadgapt,,,Popular Roadhouse,,,,,,Eastwood Road,,,,S-bound,,S,N0078222,Belfairs,Leigh-on-Sea,,Southend-on-Sea,,Leigh-on-Sea,,0,UKOS,583666,187245,0.64789732,51.5541973,BCT,MKD,OTH,,,,053,2006-10-02T00:00:00,2026-09-16T10:49:11,5,revise,inactive
15800590,soadgawt,,,Fairways School,,,,Fairways Primary,,The Fairway,,,,opp,,N,N0078222,Belfairs,Leigh-on-Sea,,Southend-on-Sea,,Leigh-on-Sea,,0,UKOS,583293,187976,0.64288898,51.5608756,BCT,MKD,OTH,,,,053,2006-10-02T00:00:00,2023-07-31T08:06:22,58,revise,active
15800591,soadgdad,,,Fairways School,,,,Fairways Primary,,The Fairway,,,,o/s,,S,N0078222,Belfairs,Leigh-on-Sea,,Southend-on-Sea,,Leigh-on-Sea,,0,UKOS,583290,188054,0.64288690,51.5615861,BCT,MKD,OTH,,,,053,2006-10-02T00:00:00,2026-09-16T10:49:11,58,revise,active
15800592,soadgdag,,,Belfairs Park Drive,,,,,,The Fairway,,,,adj,,N,N0078222,Belfairs,Leigh-on-Sea,,Southend-on-Sea,,Leigh-on-Sea,,0,UKOS,583245,188304,0.64238255,51.5638369,BCT,MKD,OTH,,,,053,2006-10-02T00:00:00,2026-09-16T10:49:11,60,revise,active
15800593,soadgdaj,,,Belfairs Park Drive,,,,,,The Fairway,,,,opp,,S,N0078222,Belfairs,Leigh-on-Sea,,Southend-on-Sea,,Leigh-on-Sea,,0,UKOS,583241,188382,0.64236554,51.5645387,BCT,MKD,OTH,,,,053,2006-10-02T00:00:00,2026-09-16T10:49:11,59,revise,active
15800597,soadgdam,,,Belgrave Road,,,,Belgrave Road,,Eastwood Old Road,,,,opp,,NW,N0078222,Belfairs,Leigh-on-Sea,,Southend-on-Sea,,Leigh-on-Sea,,0,UKOS,582836,188626,0.63665633,51.5668706,BCT,MKD,OTH,,,,053,2006-10-02T00:00:00,2026-09-16T10:49:11,61,revise,active
15800598,soadgdap,,,Belgrave Road,,,,,,Eastwood Old Road,,,,adj,,SE,N0078222,Belfairs,Leigh-on-Sea,,Southend-on-Sea,,Leigh-on-Sea,,0,UKOS,582862,188611,0.63702273,51.5667185,BCT,MKD,OTH,,,,053,2006-10-02T00:00:00,2026-09-16T10:49:11,60,revise,active
15800599,soadgdat,,,Eastwood Old Road Shops,,,,,,Eastwood Old Road,,,,nr,,W,N0078222,Belfairs,Leigh-on-Sea,,Southend-on-Sea,,Leigh-on-Sea,,0,UKOS,583097,188458,0.64032988,51.5652681,BCT,MKD,OTH,,,,053,2006-10-02T00:00:00,2026-09-16T10:49:11,59,revise,active
15800600,soadgdaw,,,Eastwood Old Road Shops,,,,,,Eastwood Old Road,,,,opp,,E,N0078222,Belfairs,Leigh-on-Sea,,Southend-on-Sea,,Leigh-on-Sea,,0,UKOS,583110,188461,0.64050438,51.5652911,BCT,MKD,OTH,,,,053,2006-10-02T00:00:00,2023-07-31T08:06:22,60,revise,active
15800601,soadadjd,,,Middlesex Avenue,,,,Darlinghurst Primary - Primary,,Middlesex Avenue,,,,S-bound,,S,E0053735,Leigh-on-Sea,Southend-on-Sea,,Southend-on-Sea,,Leigh-on-Sea,,0,UKOS,584983,186970,0.66671278,51.5512888,BCT,MKD,OTH,,,,053,2006-10-02T00:00:00,2023-07-31T08:06:22,56,revise,active
15800602,soadgdjp,,,Middlesex Avenue,,,,Darlinghurst Primary - Primary,,Middlesex Avenue,,,,N-bound,,N,E0053735,Leigh-on-Sea,Southend-on-Sea,,Southend-on-Sea,,Leigh-on-Sea,,0,UKOS,584975,186996,0.66662612,51.5515336,BCT,MKD,OTH,,,,053,2006-10-02T00:00:00,2026-09-16T10:49:11,57,revise,active
15800603,soadadjg,,,Madeira Avenue,,,,,,Manchester Drive,,,,adj,,W,E0053735,Leigh-on-Sea,Southend-on-Sea,,Southend-on-Sea,,Leigh-on-Sea,,0,UKOS,584334,186887,0.65731931,51.5507555,BCT,MKD,OTH,,,,053,2006-10-02T00:00:00,2023-07-31T08:06:22,57,revise,active
15800604,soadapgj,,,Cheltenham Drive,,,,Darlinghurst Primary,,Manchester Drive,,,,opp,,E,E0053735,Leigh-on-Sea,Southend-on-Sea,,Southend-on-Sea,,Leigh-on-Sea,,0,UKOS,584605,186898,0.66124420,51.5507745,BCT,MKD,OTH,,,,053,2006-10-02T00:00:00,2026-09-16T10:49:11,58,revise,active
15800605,soadgdjt,,,Cheltenham Drive,,,,Darlinghurst Primary,,Manchester Drive,,,,adj,,W,E0053735,Leigh-on-Sea,Southend-on-Sea,,Southend-on-Sea,,Leigh-on-Sea,,0,UKOS,584623,186893,0.66148596,51.5507150,BCT,MKD,OTH,,,,053,2006-10-02T00:00:00,2023-07-31T08:06:22,57,revise,active
15800606,soadgdjw,,,Madeira Avenue,,,,,,Manchester Drive,,,,opp,,E,E0053735,Leigh-on-Sea,Southend-on-Sea,,Southend-on-Sea,,Leigh-on-Sea,,0,UKOS,584375,186895,0.65791417,51.5508140,BCT,MKD,OTH,,,,053,2006-10-02T00:00:00,2023-07-31T08:06:22,57,revise,active
15800607,soadadgw,,,Blenheim Chase,,,,,,Elmsleigh Drive,,,,N-bound,,N,E0053735,Leigh-on-Sea,Southend-on-Sea,,Southend-on-Sea,,Leigh-on-Sea,,0,UKOS,584185,187183,0.65532811,51.5534717,BCT,MKD,OTH,,,,053,2006-10-02T00:00:00,2026-09-16T10:49:11,59,revise,active
15800608,soadadgj,,,Manchester Drive,,,,,,Elmsleigh Drive,,,,S-bound,,S,E0053735,Leigh-on-Sea,Southend-on-Sea,,Southend-on-Sea,,Leigh-on-Sea,,0,UKOS,584200,186854,0.65537154,51.5505029,BCT,MKD,OTH,,,,053,2006-10-02T00:00:00,2023-07-31T08:06:22,58,revise,active
15800609,soadgdmp,,,Blenheim Chase,,,,,,Elmsleigh Drive,,,,S-bound,,S,E0053735,Leigh-on-Sea,Southend-on-Sea,,Southend-on-Sea,,Leigh-on-Sea,,0,UKOS,584192,187193,0.65543367,51.5535503,BCT,MKD,OTH,,,,053,2006-10-02T00:00:00,2023-07-31T08:06:22,58,revise,active
15800610,soadgdmt,,,Manchester Drive,,,,,,Elmsleigh Drive,,,,N-bound,,N,E0053735,Leigh-on-Sea,Southend-on-Sea,,Southend-on-Sea,,Leigh-on-Sea,,0,UKOS,584190,186939,0.65527195,51.5512696,BCT,MKD,OTH,,,,053,2006-10-02T00:00:00,2023-07-31T08:06:22,58,revise,active
15800611,soadgdmw,,,Woodleigh Avenue,,,,,,Elmsleigh Drive,,,,adj,,N,E0053735,Leigh-on-Sea,Southend-on-Sea,,Southend-on-Sea,,Leigh-on-Sea,,0,UKOS,584205,187464,0.65576280,51.5559801,BCT,MKD,OTH,,,,053,2006-10-02T00:00:00,2023-07-31T08:06:22,57,revise,active
15800612,soadgdpa,,,Woodleigh Avenue,,,,,,Elmsleigh Drive,,,,opp,,S,E0053735,Leigh-on-Sea,Southend-on-Sea,,Southend-on-Sea,,Leigh-on-Sea,,0,UKOS,584212,187460,0.65586156,51.5559419,BCT,MKD,OTH,,,,053,2006-10-02T00:00:00,2023-07-31T08:06:22,57,revise,active
15800613,soadgdpd,,,Danescroft Drive,,,,,,Elmsleigh Drive,,,,adj,,N,E0053735,Leigh-on-Sea,Southend-on-Sea,,Southend-on-Sea,,Leigh-on-Sea,,0,UKOS,584213,187719,0.65602595,51.5582675,BCT,MKD,OTH,,,,053,2006-10-02T00:00:00,2026-09-16T10:49:11,58,revise,active
15800614,soadgdpg,,,Danescroft Drive,,,,,,Elmsleigh Drive,,,,opp,,S,E0053735,Leigh-on-Sea,Southend-on-Sea,,Southend-on-Sea,,Leigh-on-Sea,,0,UKOS,584226,187742,0.65622531,51.5584698,BCT,MKD,OTH,,,,053,2006-10-02T00:00:00,2026-09-16T10:49:11,59,revise,active
15800615,soadgdpj,,,Coombes Corner,,,,,,Elmsleigh Drive,,,,N-bound,,N,E0053735,Leigh-on-Sea,Southend-on-Sea,,Southend-on-Sea,,Leigh-on-Sea,,0,UKOS,584254,187893,0.65670783,51.5598169,BCT,MKD,OTH,,,,053,2006-10-02T00:00:00,2026-09-16T10:49:11,58,revise,active
15800616,soadgdpm,,,Coombes Corner,,,,,,Elmsleigh Drive,,,,S-bound,,S,E0053735,Leigh-on-Sea,Southend-on-Sea,,Southend-on-Sea,,Leigh-on-Sea,,0,UKOS,584266,187907,0.65687367,51.5599391,BCT,MKD,OTH,,,,053,2006-10-02T00:00:00,2023-07-31T08:06:22,57,revise,active
15800617,soadgdmg,,,Bonchurch Park,,,,,,Station Road,,,,near,,N,E0053735,Leigh-on-Sea,Southend-on-Sea,,Southend-on-Sea,,Leigh-on-Sea,,0,UKOS,584108,186857,0.65406263,51.5505685,BCT,MKD,OTH,,,,053,2006-10-02T00:00:00,2026-09-16T10:49:11,7,revise,active
15800618,soadgdma,,,Glendale Gardens,,,,Leigh north Street Junior - Primary associated,,Station Road,,,,adj,,N,E0053735,Leigh-on-Sea,Southend-on-Sea,,Southend-on-Sea,,Leigh-on-Sea,,0,UKOS,584137,186322,0.65418623,51.5457541,BCT,MKD,OTH,,,,053,2006-10-02T00:00:00,2026-09-16T10:49:11,59,revise,active
15800619,soadgdmd,,,Leigh Elms,,,,,,Station Road,,,,N-bound,,N,E0053735,Leigh-on-Sea,Southend-on-Sea,,Southend-on-Sea,,Leigh-on-Sea,,0,UKOS,584113,186628,0.65401439,51.5485010,BCT,MKD,OTH,,,,053,2006-10-02T00:00:00,2026-09-16T10:49:11,58,revise,active
15800620,soadgdmj,,,Leigh Elms,,,,,,Cranleigh Drive,,,,S-bound,,S,E0053735,Leigh-on-Sea,Southend-on-Sea,,Southend-on-Sea,,Leigh-on-Sea,,0,UKOS,584205,186546,0.65529684,51.5477345,BCT,MKD,OTH,,,,053,2006-10-02T00:00:00,2026-09-16T10:49:11,58,revise,active
15800621,soadapat,,,Glendale Gardens,,,,Leigh North Street Junior - Primary associated,,Elm Road,,,,opp,,S,E0053735,Leigh-on-Sea,Southend-on-Sea,,Southend-on-Sea,,Leigh-on-Sea,,0,UKOS,584155,186180,0.65438515,51.5444635,BCT,MKD,OTH,,,,053,2006-10-02T00:00:00,2026-09-16T10:49:11,58,revise,active
15800622,soadgtgj,,,Crowstone House,,,,Residential home,,Crowstone Avenue,,,,opp,,N,E0042050,Westcliff-on-Sea,Southend-on-Sea,,Southend-on-Sea,,Westcliff-on-Sea,,0,UKOS,586023,185379,0.68085527,51.5366575,BCT,MKD,OTH,,,,053,2006-10-02T00:00:00,2023-07-31T08:06:22,57,revise,active
15800623,soadatmw,,,Crowstone Avenue,,,,Residential home,,Crowstone Avenue,,,,N-bound,,NE,E0042050,Westcliff-on-Sea,Southend-on-Sea,,Southend-on-Sea,,Westcliff-on-Sea,,0,UKOS,586165,185599,0.68301712,51.5385956,BCT,MKD,OTH,,,,053,2006-10-02T00:00:00,2026-09-16T10:49:11,61,revise,active
15800624,soadatpa,,,Crowstone Avenue,,,,Residential home,,Crowstone Avenue,,,,S-bound,,SW,E0042050,Westcliff-on-Sea,Southend-on-Sea,,Southend-on-Sea,,Westcliff-on-Sea,,0,UKOS,586171,185594,0.68311477,51.5385394,BCT,MKD,OTH,,,,053,2006-10-02T00:00:00,2026-09-16T10:49:11,60,revise,active
15800625,soadatmp,,,Chalkwell Shelter,,,,Residential home,,Chalkwell Esplanade,,,,adj,,W,E0042040,Chalkwell,Southend-on-Sea,,Southend-on-Sea,,Chalkwell,,0,UKOS,585828,185375,0.67804531,51.5366947,BCT,MKD,OTH,,,,053,2006-10-02T00:00:00,2026-09-16T10:49:11,58,revise,active
15800626,soadatmt,,,Chalkwell Shelter,,,,,,Chalkwell Esplanade,,,,opp,,E,E0042040,Chalkwell,Southend-on-Sea,,Southend-on-Sea,,Chalkwell,,0,UKOS,585830,185388,0.67808044,51.5368018,BCT,MKD,OTH,,,,053,2006-10-02T00:00:00,2023-07-31T08:06:22,57,revise,active
15800627,soadatmg,,,The Ridgeway,,,,,,Chalkwell Avenue,,,,adj,,N,E0042040,Chalkwell,Southend-on-Sea,,Southend-on-Sea,,Chalkwell,,0,UKOS,585802,185644,0.67781272,51.5391193,BCT,MKD,OTH,,,,053,2006-10-02T00:00:00,2026-09-16T10:49:11,10,revise,active
15800628,soadatmj,,,First Avenue,,,,,,Chalkwell Avenue,,,,adj,,S,E0042040,Chalkwell,Southend-on-Sea,,Southend-on-Sea,,Chalkwell,,0,UKOS,585810,185643,0.67792689,51.5390987,BCT,MKD,OTH,,,,053,2006-10-02T00:00:00,2014-04-07T10:17:27,8,revise,active
15800629,soadatma,,,Ridgeway Gardens,,,,Shops,,The Ridgeway,,,,opp,,SW,E0042040,Chalkwell,Southend-on-Sea,,Southend-on-Sea,,Chalkwell,,0,UKOS,585609,185672,0.67504721,51.5394253,BCT,MKD,OTH,,,,053,2006-10-02T00:00:00,2023-07-31T08:06:22,58,revise,active
15800630,soadatmd,,,Ridgeway Gardens,,,,Shops,,The Ridgeway,,,,adj,,E,E0042040,Chalkwell,Southend-on-Sea,,Southend-on-Sea,,Chalkwell,,0,UKOS,585620,185705,0.67523744,51.5397177,BCT,MKD,OTH,,,,053,2006-10-02T00:00:00,2026-09-16T10:49:11,60,revise,active
15800631,soadatjt,,,Chalkwell Railway Station,,,,Rail Station,,The Ridgeway,,,,opp,,SE,E0042040,Chalkwell,Southend-on-Sea,,Southend-on-Sea,,Chalkwell,,1,UKOS,585306,185610,0.67065104,51.5389769,BCT,MKD,OTH,,,,053,2006-10-02T00:00:00,2026-09-16T10:49:11,61,revise,active
15800632,soadatjw,,,Chalkwell Railway Station,,,,Rail Station,,The Ridgeway,,,,o/s,,W,E0042040,Chalkwell,Southend-on-Sea,,Southend-on-Sea,,Chalkwell,,1,UKOS,585311,185600,0.67073220,51.5388851,BCT,MKD,OTH,,,,053,2006-10-02T00:00:00,2026-09-16T10:49:11,59,revise,active
15800633,soadatjp,,,Grand Parade,,,,,,Grand Parade,,,,E-bound,,E,E0042040,Chalkwell,Southend-on-Sea,,Southend-on-Sea,,Chalkwell,,0,UKOS,584923,185705,0.66519851,51.5399463,BCT,MKD,OTH,,,,053,2006-10-02T00:00:00,2026-09-16T10:49:11,57,revise,active
15800634,soadgwpa,,,Grand Parade,,,,,,Grand Parade,,,,W-bound,,W,E0042040,Chalkwell,Southend-on-Sea,,Southend-on-Sea,,Chalkwell,,0,UKOS,584919,185693,0.66512019,51.5398402,BCT,MKD,OTH,,,,053,2006-10-02T00:00:00,2023-07-31T08:06:22,56,revise,active
15800635,soadatjg,,,Grand Drive,,,,,,Grand Parade,,,,opp,,W,E0042040,Chalkwell,Southend-on-Sea,,Southend-on-Sea,,Chalkwell,,0,UKOS,584721,185684,0.66227805,51.5398238,BCT,MKD,OTH,,,,053,2006-10-02T00:00:00,2026-09-16T10:49:11,58,revise,active
15800636,soadatjm,,,Grand Drive,,,,,,Grand Parade,,,,adj,,E,E0042040,Chalkwell,Southend-on-Sea,,Southend-on-Sea,,Chalkwell,,0,UKOS,584725,185694,0.66234143,51.5399213,BCT,MKD,OTH,,,,053,2006-10-02T00:00:00,2026-09-16T10:49:11,58,revise,active
15800637,soadatgj,,,Chalkwell Schools,,,,Chalkwell Schools - Primary,,Leigh Road,,,,Stop 3,,S,E0053735,Leigh-on-Sea,Southend-on-Sea,,Southend-on-Sea,,Leigh-on-Sea,,0,UKOS,585461,186317,0.67325574,51.5452760,BCT,MKD,OTH,,,,053,2006-10-02T00:00:00,2026-09-16T10:49:11,56,revise,active
15800638,soadatgm,,,Kings Road,,,,Shops,,Leigh Road,,,,W-bound,,W,E0053735,Leigh-on-Sea,Southend-on-Sea,,Southend-on-Sea,,Leigh-on-Sea,,0,UKOS,585221,186106,0.66968709,51.5434506,BCT,MKD,OTH,,,,053,2006-10-02T00:00:00,2023-07-31T08:06:22,58,revise,active
15800639,soadatgp,,,Kings Road,,,,Shops,,Leigh Road,,,,E-bound,,E,E0053735,Leigh-on-Sea,Southend-on-Sea,,Southend-on-Sea,,Leigh-on-Sea,,0,UKOS,585218,186115,0.66966302,51.5435321,BCT,MKD,OTH,,,,053,2006-10-02T00:00:00,2026-09-16T10:49:11,59,revise,active
15800640,soadatgt,,,Woodfield Park Drive,,,,Shops,,Leigh Road,,,,adj,,E,E0053735,Leigh-on-Sea,Southend-on-Sea,,Southend-on-Sea,,Leigh-on-Sea,,0,UKOS,585021,186104,0.66681960,51.5434979,BCT,MKD,OTH,,,,053,2006-10-02T00:00:00,2026-09-16T10:49:11,7,revise,active
15800641,soadatgw,,,Woodfield Road,,,,Shops,,Leigh Road,,,,adj,,W,E0053735,Leigh-on-Sea,Southend-on-Sea,,Southend-on-Sea,,Leigh-on-Sea,,0,UKOS,585001,186091,0.66652521,51.5433967,BCT,MKD,OTH,,,,053,2006-10-02T00:00:00,2026-09-16T10:49:11,7,revise,active
15800642,soadatja,,,Leigh Cliff Road,,,,Shops,,Leigh Road,,,,adj,,W,E0053735,Leigh-on-Sea,Southend-on-Sea,,Southend-on-Sea,,Leigh-on-Sea,,0,UKOS,584819,186038,0.66387530,51.5429712,BCT,MKD,OTH,,,,053,2006-10-02T00:00:00,2026-09-16T10:49:11,7,revise,active
15800643,soadatjd,,,Chalkwell Park Drive,,,,Shops,,Leigh Road,,,,adj,,E,E0053735,Leigh-on-Sea,Southend-on-Sea,,Southend-on-Sea,,Leigh-on-Sea,,0,UKOS,584718,186033,0.66240346,51.5429597,BCT,MKD,OTH,,,,053,2006-10-02T00:00:00,2014-04-07T10:17:27,6,revise,active
15800644,soadatdp,,,Leighton Avenue,,,,Shops,,Broadway,,,,adj,,E,E0053735,Leigh-on-Sea,Southend-on-Sea,,Southend-on-Sea,,Leigh-on-Sea,,0,UKOS,584536,185872,0.65969807,51.5415821,BCT,MKD,OTH,,,,053,2006-10-02T00:00:00,2026-09-16T10:49:11,8,revise,active
15800645,soadatdt,,,Redcliff Drive,,,,Shops,,Broadway,,,,adj,,W,E0053735,Leigh-on-Sea,Southend-on-Sea,,Southend-on-Sea,,Leigh-on-Sea,,0,UKOS,584533,185861,0.65966298,51.5414750,BCT,MKD,OTH,,,,053,2006-10-02T00:00:00,2026-09-16T10:49:11,9,revise,active
15800646,soadatdw,,,Seaview Road,,,,Shops,,Broadway,,,,adj,,W,E0053735,Leigh-on-Sea,Southend-on-Sea,,Southend-on-Sea,,Leigh-on-Sea,,1,UKOS,584292,185851,0.65617257,51.5414732,BCT,MKD,OTH,,,,053,2006-10-02T00:00:00,2026-09-16T10:49:11,7,revise,inactive
15800647,soadatga,,,Broadway,,,,Shopping/Leigh North Street Infant & Junior,,Broadway,,,,E-bound,,E,E0053735,Leigh-on-Sea,Southend-on-Sea,,Southend-on-Sea,,Leigh-on-Sea,,1,UKOS,584276,185859,0.65596070,51.5415499,BCT,MKD,OTH,,,,053,2006-10-02T00:00:00,2026-09-16T10:49:11,7,revise,active
15800648,soadatgd,,,Leigh Church,,,,Leigh Church,,Broadway West,,,,o/s,,NW,E0053735,Leigh-on-Sea,Southend-on-Sea,,Southend-on-Sea,,Leigh-on-Sea,,1,UKOS,584102,185874,0.65344787,51.5417417,BCT,MKD,OTH,,,,053,2006-10-02T00:00:00,2026-09-16T10:49:11,7,revise,active
15800649,soadatdj,,,Post Office,,,,Shops/Leigh North Street Infant & Junior - P,,Rectory Grove,,,,,,E,E0053735,Leigh-on-Sea,Southend-on-Sea,,Southend-on-Sea,,Leigh-on-Sea,,1,UKOS,584106,185979,0.65355985,51.5426745,BCT,MKD,OTH,,,,053,2006-10-02T00:00:00,2022-03-21T11:21:42,6,revise,active
15800650,soadatdm,,,Leigh Post Office,,,,Shops/Leigh North Street Infant & Junior - P,,Rectory Grove,,,,o/s east,,E,E0053735,Leigh-on-Sea,Southend-on-Sea,,Southend-on-Sea,,Leigh-on-Sea,,1,UKOS,584143,185981,0.65409385,51.5426804,BCT,MKD,OTH,,,,053,2006-10-02T00:00:00,2024-03-26T09:33:20,4,revise,inactive
15800651,soadatda,,,Belton Way East,,,,,,Rectory Grove,,,,adj,,W,E0053735,Leigh-on-Sea,Southend-on-Sea,,Southend-on-Sea,,Leigh-on-Sea,,1,UKOS,583798,185967,0.64913150,51.5426667,BCT,MKD,OTH,,,,053,2006-10-02T00:00:00,2026-09-16T10:49:11,59,revise,active
15800652,soadatdg,,,Belton Way East,,,,,,Rectory Grove,,,,opp,,E,E0053735,Leigh-on-Sea,Southend-on-Sea,,Southend-on-Sea,,Leigh-on-Sea,,1,UKOS,583830,185975,0.64958220,51.5427285,BCT,MKD,OTH,,,,053,2006-10-02T00:00:00,2023-07-31T08:06:22,58,revise,active
15800653,soadapmj,,,Leigh-on-Sea Railway Station,,,,Rail Station Forecourt,,Belton Way West,,,,Stop A,,W,E0053735,Leigh-on-Sea,Southend-on-Sea,,Southend-on-Sea,,Leigh-on-Sea,,0,UKOS,583186,185820,0.64022574,51.5415545,BCT,MKD,OTH,,,,053,2006-10-02T00:00:00,2026-09-16T10:49:11,7,revise,inactive
15800654,soadapmp,,,Leigh-on-Sea Railway Station,,,,Rail Station Forecourt,,Belton Way West,,,,Stop B,,W,E0053735,Leigh-on-Sea,Southend-on-Sea,,Southend-on-Sea,,Leigh-on-Sea,,0,UKOS,583196,185820,0.64036926,51.5415422,BCT,MKD,OTH,,,,053,2006-10-02T00:00:00,2023-07-31T08:06:22,56,revise,active
15800655,soadapmw,,,Leigh-on-Sea Railway Station,,,,Rail Station Forecourt,,Belton Way West,,,,Stop C,,W,E0053735,Leigh-on-Sea,Southend-on-Sea,,Southend-on-Sea,,Leigh-on-Sea,,0,UKOS,583199,185820,0.64042688,51.5415409,BCT,MKD,OTH,,,,053,2006-10-02T00:00:00,2026-09-16T10:49:11,57,revise,active
15800656,soadapta,,,Leigh-on-Sea Railway Station,,,,Rail Station Forecourt,,Belton Way West,,,,Stop D,,W,E0053735,Leigh-on-Sea,Southend-on-Sea,,Southend-on-Sea,,Leigh-on-Sea,,0,UKOS,583189,185820,0.64026843,51.5415445,BCT,MKD,OTH,,,,053,2006-10-02T00:00:00,2024-03-26T09:33:20,4,revise,inactive
15800657,soadapmt,,,Leigh-on-Sea Railway Station,,,,Leigh Station,,Belton Way West,,,,Stop E,,E,E0053735,Leigh-on-Sea,Southend-on-Sea,,Southend-on-Sea,,Leigh-on-Sea,,0,UKOS,583171,185841,0.64003501,51.5417476,BCT,MKD,OTH,,,,053,2006-10-02T00:00:00,2026-09-16T10:49:11,59,revise,active
15800658,soadgjgp,,,Salisbury Road,,,,,,Marine Parade,,,,adj,,E,E0053735,Leigh-on-Sea,Southend-on-Sea,,Southend-on-Sea,,Leigh-on-Sea,,0,UKOS,583508,185981,0.64494768,51.5428960,BCT,MKD,OTH,,,,053,2006-10-02T00:00:00,2026-09-16T10:49:11,4,revise,active
15800659,soadgjgm,,,Herschell Road,,,,,,Marine Parade,,,,adj,,E,E0053735,Leigh-on-Sea,Southend-on-Sea,,Southend-on-Sea,,Leigh-on-Sea,,0,UKOS,583154,186021,0.63986882,51.5433612,BCT,MKD,OTH,,,,053,2006-10-02T00:00:00,2021-03-31T08:52:41,3,revise,active
15800660,soadgjgj,,,Crescent Road,,,,,,Marine Parade,,,,adj,,E,E0053735,Leigh-on-Sea,Southend-on-Sea,,Southend-on-Sea,,Leigh-on-Sea,,0,UKOS,582700,186049,0.63334418,51.5437687,BCT,MKD,OTH,,,,053,2006-10-02T00:00:00,2026-09-16T10:49:11,5,revise,active
15800661,soadgjga,,,Marine Parade,,,,,,Thames Drive,,,,S-bound,,S,E0053735,Leigh-on-Sea,Southend-on-Sea,,Southend-on-Sea,,Leigh-on-Sea,,0,UKOS,582467,186074,0.63001523,51.5440683,BCT,MKD,OTH,,,,053,2006-10-02T00:00:00,2026-09-16T10:49:11,59,revise,active
15800662,soadgjgd,,,Marine Parade,,,,,,Thames Drive,,,,N-bound,,N,E0053735,Leigh-on-Sea,Southend-on-Sea,,Southend-on-Sea,,Leigh-on-Sea,,0,UKOS,582460,186071,0.62991232,51.5440346,BCT,MKD,OTH,,,,053,2006-10-02T00:00:00,2026-09-16T10:49:11,58,revise,active
15800663,soadgjdt,,,Western Road,,,,,,Thames Drive,,,,N-bound,,N,E0053735,Leigh-on-Sea,Southend-on-Sea,,Southend-on-Sea,,Leigh-on-Sea,,0,UKOS,582476,186245,0.63021855,51.5455926,BCT,MKD,OTH,,,,053,2006-10-02T00:00:00,2023-07-31T08:06:22,58,revise,active
15800664,soadgjdw,,,Western Road,,,,,,Thames Drive,,,,S-bound,,S,E0053735,Leigh-on-Sea,Southend-on-Sea,,Southend-on-Sea,,Leigh-on-Sea,,0,UKOS,582484,186245,0.63033379,51.5455900,BCT,MKD,OTH,,,,053,2006-10-02T00:00:00,2023-07-31T08:06:22,57,revise,active
15800665,soadgjdp,,,Thames Drive,,,,,,Thames Drive,,,,S-bound,,S,E0053735,Leigh-on-Sea,Southend-on-Sea,,Southend-on-Sea,,Leigh-on-Sea,,0,UKOS,582509,186516,0.63083490,51.5480250,BCT,MKD,OTH,,,,053,2006-10-02T00:00:00,2026-09-16T10:49:11,56,revise,active
15800666,soadgjdg,,,Buxton Avenue,,,,,,Highlands Boulevard,,,,adj,,SE,E0053735,Leigh-on-Sea,Southend-on-Sea,,Southend-on-Sea,,Leigh-on-Sea,,0,UKOS,582329,187168,0.62859337,51.5539301,BCT,MKD,OTH,,,,053,2006-10-02T00:00:00,2026-09-16T10:49:11,8,revise,active
15800667,soadgjdj,,,Adalia Crescent,,,,,,Highlands Boulevard,,,,adj,,SE,E0053735,Leigh-on-Sea,Southend-on-Sea,,Southend-on-Sea,,Leigh-on-Sea,,0,UKOS,582464,186988,0.63043125,51.5522790,BCT,MKD,OTH,,,,053,2006-10-02T00:00:00,2026-09-16T10:49:11,8,revise,active
15800668,soadgjdm,,,Sutherland Boulevard,,,,,,Highlands Boulevard,,,,opp,,SE,E0053735,Leigh-on-Sea,Southend-on-Sea,,Southend-on-Sea,,Leigh-on-Sea,,0,UKOS,582571,186888,0.63193539,51.5513459,BCT,MKD,OTH,,,,053,2006-10-02T00:00:00,2026-09-16T10:49:11,8,revise,active
15800669,soadadaw,,,Braemar Crescent,,,,,,Highlands Boulevard,,,,adj,,NW,E0053735,Leigh-on-Sea,Southend-on-Sea,,Southend-on-Sea,,Leigh-on-Sea,,0,UKOS,582377,187062,0.62923003,51.5529625,BCT,MKD,OTH,,,,053,2006-10-02T00:00:00,2026-09-16T10:49:11,8,revise,active
15800670,soadadga,,,Woodlands Park,,,,,,Highlands Boulevard,,,,N-bound,,N,E0053735,Leigh-on-Sea,Southend-on-Sea,,Southend-on-Sea,,Leigh-on-Sea,,0,UKOS,582266,187319,0.62774997,51.5553160,BCT,MKD,OTH,,,,053,2006-10-02T00:00:00,2026-09-16T10:49:11,8,revise,inactive
15800671,soadadgd,,,Woodlands Park,,,,,,Highlands Boulevard,,,,S-bound,,S,E0053735,Leigh-on-Sea,Southend-on-Sea,,Southend-on-Sea,,Leigh-on-Sea,,0,UKOS,582289,187322,0.62809681,51.5553262,BCT,MKD,OTH,,,,053,2006-10-02T00:00:00,2026-09-16T10:49:11,9,revise,active
15800672,soadadat,,,Highlands Boulevard,,,,,,Sutherland Boulevard,,,,NE-bound,,NE,E0053735,Leigh-on-Sea,Southend-on-Sea,,Southend-on-Sea,,Leigh-on-Sea,,0,UKOS,582550,186834,0.63158991,51.5508590,BCT,MKD,OTH,,,,053,2006-10-02T00:00:00,2026-05-27T06:31:27,7,revise,active
15800673,soadgtat,,,Olive Avenue,,,,,,Sutherland Boulevard,,,,S-bound,,S,E0053735,Leigh-on-Sea,Southend-on-Sea,,Southend-on-Sea,,Leigh-on-Sea,,0,UKOS,582528,186621,0.63117694,51.5489527,BCT,MKD,OTH,,,,053,2006-10-02T00:00:00,2026-09-16T10:49:11,12,revise,active
15800674,soadgjaw,,,Olive Avenue,,,,,,Sutherland Boulevard,,,,N-bound,,N,E0053735,Leigh-on-Sea,Southend-on-Sea,,Southend-on-Sea,,Leigh-on-Sea,,0,UKOS,582503,186624,0.63081885,51.5489967,BCT,MKD,OTH,,,,053,2006-10-02T00:00:00,2026-09-16T10:49:11,11,revise,active
15800675,soadgjda,,,Sanctuary Road,,,,,,Woodlands Park,,,,opp,,W,E0011148,Hadleigh,,,Southend-on-Sea,,Leigh-on-Sea,,0,UKOS,582112,187347,0.62554555,51.5556172,BCT,MKD,OTH,,,,053,2006-10-02T00:00:00,2026-09-16T10:49:11,4,revise,inactive
15800676,soadgwpd,,,Sanctuary Road,,,,,,Woodlands Park,,,,adj,,E,E0011148,Hadleigh,,,Southend-on-Sea,,Leigh-on-Sea,,0,UKOS,582167,187361,0.62635968,51.5557249,BCT,MKD,OTH,,,,053,2006-10-02T00:00:00,2026-09-16T10:49:11,4,revise,inactive
15800677,soadgwdw,,,Waitrose,,,,Shops,,Fossetts Way,,,,o/s,,NW,E0042048,Southchurch,Southend-on-Sea,,Southend-on-Sea,,Southchurch,,0,UKOS,589087,187648,0.72619984,51.5560187,BCT,MKD,OTH,,,,053,2006-10-02T00:00:00,2024-03-26T09:33:20,3,revise,inactive
15800678,soadgwga,,,Southend Bus Station,,,,Town centre,,York Road,,,,Location,,,E0057248,Southend-on-Sea,,,Southend-on-Sea,,Town Centre,,1,UKOS,588410,185387,0.71523671,51.5359473,BCS,,OTH,,,,053,2006-10-02T00:00:00,2026-09-24T07:38:35,12,revise,inactive
15800679,soadgwgd,,,Beedell Avenue,,,,,,Fairfax Drive,,,,opp,,E,E0042045,Prittlewell,Southend-on-Sea,,Southend-on-Sea,,Prittlewell,,0,UKOS,586635,186936,0.69049428,51.5504398,BCT,MKD,OTH,,,,053,2006-10-02T00:00:00,2026-09-22T07:07:55,7,revise,active
15800680,soadgwpj,,,Alexander Street,,,,Town centre,,Alexandra St,,,,W-bound,,E,E0057248,Southend-on-Sea,,,Southend-on-Sea,,,,0,UKOS,588134,185290,0.7112096,51.5351592,BCT,MKD,OTH,,,,053,2006-10-02T00:00:00,2026-09-24T07:38:35,8,revise,active
15800681,soadgwpm,,,Blackgate Road Camp Site,,,,Blackgate Rd Shoebury,,Blackgate Road,,,,W-bound,,W,E0042043,North Shoebury,Shoeburyness,,Southend-on-Sea,,North Shoebury,,0,UKOS,594429,185425,0.80194842,51.5342491,BCT,MKD,OTH,,,,053,2006-10-02T00:00:00,2026-09-16T10:49:11,9,revise,active
15800682,soadgwpt,,,Palmeira Arches,,,,,,Western Esplanade,,,,o/s,,E,E0042050,Westcliff-on-Sea,Southend-on-Sea,,Southend-on-Sea,,Westcliff-on-Sea,,0,UKOS,587025,185204,0.69519351,51.5347639,BCT,CUS,OTH,,,,053,2006-10-02T00:00:00,2026-09-16T10:49:11,56,revise,active
15800683,soadgwpw,,,Seaview Road,,,,,,Cliff Parade,,,,adj,,E,E0053735,Leigh-on-Sea,Southend-on-Sea,,Southend-on-Sea,,Leigh-on-Sea,,1,UKOS,584348,185692,0.65690984,51.5400175,BCT,CUS,OTH,,,,053,2006-10-02T00:00:00,2026-09-16T10:49:11,5,revise,inactive
15800684,soadjama,,,Jones Memorial Recreation Ground,,,,,,Eastern Avenue,,,,o/s,,E,E0042048,Southchurch,Southend-on-Sea,,Southend-on-Sea,,Leigh-on-Sea,,0,UKOS,588451,187414,0.71691132,51.5541297,BCT,MKD,OTH,,,,053,2006-10-02T00:00:00,2013-08-26T15:34:09,5,revise,active
15800685,soadjamd,,,Fossetts Way,,,,Shops,,Eastern Avenue,,,,adj,,SE,E0042048,Southchurch,Southend-on-Sea,,Southend-on-Sea,,Southchurch,,0,UKOS,589114,187394,0.72674308,51.5535238,BCT,MKD,OTH,,,,053,2006-10-02T00:00:00,2026-09-16T10:49:11,62,revise,active
15800686,soadjamg,,,Fossetts Way,,,,Shops,,Eastern Avenue,,,,opp,,W,E0042048,Southchurch,Southend-on-Sea,,Southend-on-Sea,,Southchurch,,0,UKOS,589194,187315,0.72756244,51.5529921,BCT,MKD,OTH,,,,053,2006-10-02T00:00:00,2023-07-31T08:06:22,59,revise,active
15800687,soadjagp,,,Belfairs School,,,,Belfairs High School - Secondary,,Highlands Boulevard,,,,o/s,,SE,E0053735,Leigh-on-Sea,Southend-on-Sea,,Southend-on-Sea,,Leigh-on-Sea,,0,UKOS,583046,186748,0.63870544,51.5499257,BCT,MKD,OTH,,,,053,2006-10-02T00:00:00,2026-09-16T10:49:11,6,revise,active
15800688,soadjagt,,,Oaken Grange Drive,,,,,,Manners Way,,,,N-bound,,N,E0042045,Prittlewell,Southend-on-Sea,,Southend-on-Sea,,Prittlewell,,0,UKOS,587421,188372,0.7025822,51.5630768,BCT,MKD,OTH,,,,053,2006-10-02T00:00:00,2026-09-22T07:07:55,59,revise,active
15800689,soadjajg,,,Harp House Rdbt,,,,Allotment Gardens,,Manners Way,,,,S-bound,,S,E0042045,Prittlewell,Southend-on-Sea,,Southend-on-Sea,,Prittlewell,,0,UKOS,587415,188577,0.70260494,51.5649199,BCT,MKD,OTH,,,,053,2006-10-02T00:00:00,2026-09-22T07:07:55,8,revise,active
15800690,soadjaja,,,High Street,,,,,,Smith Street,,,,SE-bound,,SE,E0042047,Shoeburyness,Southend-on-Sea,,Southend-on-Sea,,Shoeburyness,,0,UKOS,593923,184859,0.79371212,51.5295080,BCT,MKD,OTH,,,,053,2006-10-02T00:00:00,2026-09-16T10:49:11,62,revise,active
15800691,soadjamj,,,Ditton Court Road,,,,,,Canewdon Road,,,,W-bound,,W,E0042050,Westcliff-on-Sea,Southend-on-Sea,,Southend-on-Sea,,Westcliff-on-Sea,,0,UKOS,586714,185659,0.69097026,51.5389530,BCT,MKD,OTH,,,,053,2006-10-02T00:00:00,2026-09-16T10:49:11,5,revise,inactive
15800692,soadjamp,,,Ditton Court Road,,,,,,Canewdon Road,,,,E-bound,,E,E0042050,Westcliff-on-Sea,Southend-on-Sea,,Southend-on-Sea,,Westcliff-on-Sea,,0,UKOS,586743,185658,0.69138688,51.5389255,BCT,MKD,OTH,,,,053,2006-10-02T00:00:00,2026-09-16T10:49:11,5,revise,inactive
15800693,soadgwta,,,Constable Way,,,,,,Wakering Road,,,,opp,,SW,E0042043,North Shoebury,Shoeburyness,,Southend-on-Sea,,North Shoebury,,0,UKOS,594402,185935,0.80182607,51.5388299,BCT,MKD,OTH,,,,053,2006-10-02T00:00:00,2023-07-31T08:06:22,58,revise,active
15800694,soadjagw,,,Oaken Grange Drive,,,,,,Manners Way,,,,S-bound,,S,E0042045,Prittlewell,Southend-on-Sea,,Southend-on-Sea,,Prittlewell,,0,UKOS,587437,188340,0.7027957,51.5627841,BCT,MKD,OTH,,,,053,2006-10-02T00:00:00,2026-09-22T07:07:55,7,revise,active
15800695,soadjajm,,,Harp House Rdbt,,,,Allotment Gardens,,Manners Way,,,,N-bound,,N,E0042045,Prittlewell,Southend-on-Sea,,Southend-on-Sea,,Prittlewell,,0,UKOS,587407,188572,0.70250193,51.5648863,BCT,MKD,OTH,,,,053,2006-10-02T00:00:00,2026-09-22T07:07:55,10,revise,active
15800696,soadgwtd,,,Hamlet Court Road,,,,,,West Road,,,,adj,,SW,E0042050,Westcliff-on-Sea,Southend-on-Sea,,Southend-on-Sea,,Westcliff-on-Sea,,0,UKOS,587127,186330,0.69726003,51.5448343,BCT,MKD,OTH,,,,053,2006-10-02T00:00:00,2026-09-16T10:49:11,6,revise,inactive
15800697,soadgwtg,,,Rosary Gardens,,,,,,Southbourne Grove,,,,opp,,N,E0042045,Prittlewell,Southend-on-Sea,,Southend-on-Sea,,Prittlewell,,0,UKOS,585833,187793,0.67940733,51.5584012,BCT,MKD,OTH,,,,053,2006-10-02T00:00:00,2026-09-16T10:49:11,57,revise,active
15800698,soadgwtj,,,Treecot Drive,,,,,,Mountdale Gardens,,,,opp,,N,E0053735,Leigh-on-Sea,Southend-on-Sea,,Southend-on-Sea,,Leigh-on-Sea,,0,UKOS,584987,187477,0.66705127,51.5558408,BCT,MKD,OTH,,,,053,2006-10-02T00:00:00,2026-09-16T10:49:11,58,revise,active
15800699,soadjajp,,,Westcliff-on-Sea Railway Station,,,,Railway Station,,Station Road,,,,opp,,W,E0042050,Westcliff-on-Sea,Southend-on-Sea,,Southend-on-Sea,,Westcliff-on-Sea,,1,UKOS,586759,185447,0.69150547,51.5370251,BCT,MKD,OTH,,,,053,2006-10-02T00:00:00,2026-09-16T10:49:11,60,revise,active
15800700,soadjajd,,,Southend High for Girls,,,,S'nd Girls Sch,,Southchurch Boulevard,,,,Stop B,,W,E0042048,Southchurch,Southend-on-Sea,,Southend-on-Sea,,Southchurch,,0,UKOS,590515,186183,0.74599570,51.5423901,BCT,MKD,OTH,,,,053,2006-10-02T00:00:00,2026-09-16T10:49:11,60,revise,active
15800701,soadjajw,,,Kent Elms Corner West,,,,,,Southend Arterial Road,,,,E-bound,,E,E0053735,Leigh-on-Sea,Southend-on-Sea,,Southend-on-Sea,,Leigh-on-Sea,,0,UKOS,584802,188247,0.66477627,51.5628266,BCT,MKD,OTH,,,,053,2006-10-02T00:00:00,2026-09-16T10:49:11,59,revise,active
15800702,soadgwtm,,,Temple Sutton Infant and Junior,,,,Temple sutton schools - Primary,,Eastern Avenue,,,,o/s,,W,E0042048,Southchurch,Southend-on-Sea,,Southend-on-Sea,,Southchurch,,0,UKOS,589339,187294,0.73061650,51.5526782,BCT,MKD,OTH,,,,053,2006-10-02T00:00:00,2026-09-16T10:49:11,6,revise,active
15800703,soadgwtp,,,Chichester Road,,,,,,Chichester Road,,,,Stop A,,N,E0057248,Southend-on-Sea,,,Southend-on-Sea,,Town Centre,,1,UKOS,588297,185824,0.71384239,51.5399009,BCT,CUS,OTH,,,,053,2006-10-02T00:00:00,2026-09-16T10:49:11,5,revise,inactive
15800704,soadgwtw,,,Chichester Road,,,,,,Chichester Road,,,,Stop B,,N,E0057248,Southend-on-Sea,,,Southend-on-Sea,,Town Centre,,1,UKOS,588299,185809,0.71386318,51.5397655,BCT,CUS,OTH,,,,053,2006-10-02T00:00:00,2026-09-16T10:49:11,5,revise,inactive
15800705,soadjada,,,Chichester Road,,,,,,Chichester Road,,,,Stop C,,N,E0057248,Southend-on-Sea,,,Southend-on-Sea,,Town Centre,,1,UKOS,588301,185792,0.71389730,51.5396118,BCT,CUS,OTH,,,,053,2006-10-02T00:00:00,2026-09-16T10:49:11,5,revise,inactive
15800706,soadjadg,,,Chichester Road,,,,,,Chichester Road,,,,Stop D,,N,E0057248,Southend-on-Sea,,,Southend-on-Sea,,Town Centre,,1,UKOS,588300,185801,0.71388824,51.5397019,BCT,CUS,OTH,,,,053,2006-10-02T00:00:00,2026-09-16T10:49:11,5,revise,inactive
15800707,soadjapd,,,Chichester Road,,,,,,Chichester Road,,,,Stop E,,S,E0057248,Southend-on-Sea,,,Southend-on-Sea,,Town Centre,,1,UKOS,588307,185800,0.71397358,51.5396820,BCT,MKD,OTH,,,,053,2006-10-02T00:00:00,2013-09-02T10:06:54,6,revise,inactive
15800708,soadjapg,,,Chichester Road,,,,,,Chichester Road,,,,Stop F,,N,E0057248,Southend-on-Sea,,,Southend-on-Sea,,Town Centre,,1,UKOS,588305,185763,0.71393940,51.5393500,BCT,CUS,OTH,,,,053,2006-10-02T00:00:00,2026-09-16T10:49:11,8,revise,inactive
15800709,soadjapj,,,Chichester Road,,,,,,Chichester Road,,,,Stop G,,S,E0057248,Southend-on-Sea,,,Southend-on-Sea,,Town Centre,,1,UKOS,588304,185823,0.71395761,51.5398982,BCT,CUS,OTH,,,,053,2006-10-02T00:00:00,2026-09-16T10:49:11,7,revise,inactive
15800710,soadjapm,,,Chichester Road,,,,,,Chichester Road,,,,Stop H,,S,E0057248,Southend-on-Sea,,,Southend-on-Sea,,Town Centre,,1,UKOS,588306,185812,0.71396613,51.5397991,BCT,CUS,OTH,,,,053,2006-10-02T00:00:00,2026-09-16T10:49:11,7,revise,inactive
15800711,soadawjw,,,Chichester Road,,,,,,Chichester Road,,,,Stop J,,N,E0057248,Southend-on-Sea,,,Southend-on-Sea,,Town Centre,,1,UKOS,588307,185749,0.71396073,51.5392236,BCT,CUS,OTH,,,,053,2006-10-02T00:00:00,2026-09-16T10:49:11,8,revise,inactive
15800712,soadgwjp,,,Chichester Road,,,,,,Chichester Road,,,,Stop K,,N,E0057248,Southend-on-Sea,,,Southend-on-Sea,,Town Centre,,1,UKOS,588308,185738,0.71396978,51.5391335,BCT,CUS,OTH,,,,053,2006-10-02T00:00:00,2026-09-16T10:49:11,8,revise,inactive
15800713,soadjagd,,,Chichester Road,,,,,,Chichester Road,,,,Stop L,,S,E0057248,Southend-on-Sea,,,Southend-on-Sea,,Town Centre,,1,UKOS,588314,185749,0.71406208,51.5392303,BCT,MKD,OTH,,,,053,2006-10-02T00:00:00,2026-09-16T10:49:11,5,revise,inactive
15800714,soadjagj,,,Chichester Road,,,,,,Chichester Road,,,,Stop M,,N,E0057248,Southend-on-Sea,,,Southend-on-Sea,,Town Centre,,1,UKOS,588309,185732,0.71396604,51.5390706,BCT,MKD,OTH,,,,053,2006-10-02T00:00:00,2026-09-16T10:49:11,5,revise,inactive
15800715,soadjagm,,,Chichester Road,,,,,,Chichester Road,,,,layover,,S,E0057248,Southend-on-Sea,,,Southend-on-Sea,,Town Centre,,1,UKOS,588315,185741,0.71405780,51.5391584,BCT,MKD,OTH,,,,053,2006-10-02T00:00:00,2026-09-16T10:49:11,5,revise,inactive
15800716,soadjdaj,,,Chalkwell Avenue,,,,,,Chalkwell Avenue,,,,S-bound,,S,E0042040,Chalkwell,Southend-on-Sea,,Southend-on-Sea,,Chalkwell,,0,UKOS,585905,186264,0.67963784,51.5446537,BCT,MKD,OTH,,,,053,2007-06-26T09:18:40,2026-09-16T10:49:11,3,revise,active
15800717,soadjdam,,,Galton Road,,,,,,Chalkwell Avenue,,,,adj,,S,E0042040,Chalkwell,Southend-on-Sea,,Southend-on-Sea,,Chalkwell,,0,UKOS,585893,185940,0.67927905,51.5417389,BCT,MKD,OTH,,,,053,2007-06-26T09:18:40,2013-08-26T15:34:09,3,revise,active
15800718,soadjdap,,,Shorefield Shelter,,,,,,Eastern Esplanade,,,,,,E,E0042050,Westcliff-on-Sea,Southend-on-Sea,,Southend-on-Sea,,Westcliff-on-Sea,,0,UKOS,587031,185202,0.69527833,51.5347350,BCT,MKD,OTH,,,,053,2024-04-22T06:51:12,2024-04-22T06:51:12,0,new,inactive
15800719,soadjdat,,,The Rose Garden,,,,,,Eastern Esplanade,,,,o/s,,E,E0057248,Southend-on-Sea,,,Southend-on-Sea,,Westcliff-on-Sea,,0,UKOS,587617,185091,0.70365826,51.5335438,BCT,MKD,OTH,,,,053,2007-06-26T09:18:40,2026-09-24T07:38:35,293,revise,active
15800720,soadjdaw,,,Travel Centre,,,,S'nd Travel Ctr,,Chichester Road,,,,Stop A,,W,E0057248,Southend-on-Sea,,,Southend-on-Sea,,Town Centre,,1,UKOS,588439,185356,0.71563777,51.5356593,BCT,MKD,OTH,,,,053,2007-06-26T09:18:40,2026-09-16T10:49:11,59,revise,active
15800721,soadjdga,,,Travel Centre,,,,S'nd Travel Ctr,,Chichester Road,,,,Stop B,,W,E0057248,Southend-on-Sea,,,Southend-on-Sea,,Town Centre,,1,UKOS,588428,185355,0.71547829,51.5356450,BCT,MKD,OTH,,,,053,2007-06-26T09:18:40,2023-07-31T08:06:22,58,revise,active
15800722,soadjdgd,,,Travel Centre,,,,S'nd Travel Ctr,,Chichester Road,,,,Stop C,,N,E0057248,Southend-on-Sea,,,Southend-on-Sea,,Town Centre,,1,UKOS,588411,185364,0.71525321,51.5357401,BCT,MKD,OTH,,,,053,2007-06-26T09:18:40,2026-09-16T10:49:11,59,revise,active
15800723,soadjdgj,,,Travel Centre,,,,S'nd Travel Ctr,,Chichester Road,,,,Stop D,,N,E0057248,Southend-on-Sea,,,Southend-on-Sea,,Town Centre,,1,UKOS,588400,185378,0.71508789,51.5358698,BCT,MKD,OTH,,,,053,2007-06-26T09:18:40,2026-09-16T10:49:11,59,revise,active
15800724,soadjdgm,,,Travel Centre,,,,S'nd Travel Ctr,,Chichester Road,,,,Stop Y,,N,E0057248,Southend-on-Sea,,,Southend-on-Sea,,Town Centre,,1,UKOS,588396,185393,0.71503830,51.5360059,BCT,MKD,OTH,,,,053,2007-06-26T09:18:40,2026-09-16T10:49:11,59,revise,active
15800725,soadjdgp,,,Heygate Avenue,,,,S'nd Travel Ctr,,Heygate Avenue,,,,Stop L,,E,E0057248,Southend-on-Sea,,,Southend-on-Sea,,Town Centre,,1,UKOS,588430,185340,0.71549907,51.5355096,BCT,MKD,OTH,,,,053,2007-06-26T09:18:40,2026-09-16T10:49:11,58,revise,active
15800726,soadjdgt,,,Travel Centre,,,,S'nd Travel Ctr,,Chichester Road,,,,arrivals,,S,E0057248,Southend-on-Sea,,,Southend-on-Sea,,Town Centre,,1,UKOS,588387,185454,0.71495571,51.5365564,BCT,MKD,OTH,,,,053,2007-06-26T09:18:40,2026-09-16T10:49:11,60,revise,active
15800727,soadjdgw,,,Victoria Station Interchange,,,,Victoria Stn,,Queensway,,,,Stop VC,,E,E0057248,Southend-on-Sea,,,Southend-on-Sea,,Town Centre,,1,UKOS,588165,185967,0.71203150,51.5412199,BCT,MKD,OTH,,,,053,2007-06-26T09:18:40,2026-09-16T10:49:11,61,revise,active
15800728,soadjdja,,,Victoria Station Interchange,,,,Victoria Stn,,Queensway,,,,Stop VF,,W,E0057248,Southend-on-Sea,,,Southend-on-Sea,,Town Centre,,1,UKOS,588097,185922,0.71101473,51.5408566,BCT,MKD,OTH,,,,053,2007-06-26T09:18:40,2026-09-16T10:49:11,59,revise,active
15800729,soadjdjd,,,Victoria Station Interchange,,,,Victoria Stn,,Queensway,,,,Stop VG,,W,E0057248,Southend-on-Sea,,,Southend-on-Sea,,Town Centre,,1,UKOS,588118,185922,0.71133106,51.5408403,BCT,MKD,OTH,,,,053,2007-06-26T09:18:40,2026-09-16T10:49:11,59,revise,active
15800734,soadjdjg,,,Chichester Road,,,,,,Chichester Road,,,,Stop VM,,N,E0057248,Southend-on-Sea,,,Southend-on-Sea,,Town Centre,,1,UKOS,588285,185923,0.71373741,51.5408027,BCT,MKD,OTH,,,,053,2007-06-26T09:18:40,2026-09-16T10:49:11,54,revise,active
15800735,soadjdjm,,,Chichester Road,,,,,,Chichester Road,,,,Stop VN,,N,E0057248,Southend-on-Sea,,,Southend-on-Sea,,Town Centre,,1,UKOS,588288,185898,0.71375285,51.5405775,BCT,MKD,OTH,,,,053,2007-06-26T09:18:40,2026-09-16T10:49:11,54,revise,active
15800736,soadjdjp,,,Chichester Road,,,,,,Chichester Road,,,,Stop VP,,N,E0057248,Southend-on-Sea,,,Southend-on-Sea,,Town Centre,,1,UKOS,588290,185875,0.71378323,51.5403609,BCT,MKD,OTH,,,,053,2007-06-26T09:18:40,2026-09-16T10:49:11,54,revise,active
15800737,soadjdjt,,,Southchurch Road,,,,Bournes Green,,Southchurch Road,,,,Stop VQ,,E,E0057248,Southend-on-Sea,,,Southend-on-Sea,,Town Centre,,1,UKOS,588362,185857,0.71481060,51.5401752,BCT,MKD,OTH,,,,053,2007-06-26T09:18:40,2026-09-16T10:49:11,4,revise,active
15800739,soadjdjw,,,Whitegate Road,,,,,,Chichester Road,,,,Stop VS,,N,E0057248,Southend-on-Sea,,,Southend-on-Sea,,Town Centre,,1,UKOS,588320,185678,0.71411000,51.5385816,BCT,MKD,OTH,,,,053,2007-06-26T09:18:40,2026-09-16T10:49:11,56,revise,active
15800740,soadjdma,,,Southend Central Railway Station,,,,St Bernards Sch,,Clifftown Road,,,,Stop M,,W,E0057248,Southend-on-Sea,,,Southend-on-Sea,,Town Centre,,1,UKOS,588238,185493,0.71281631,51.5369567,BCT,MKD,OTH,,,,053,2007-06-26T09:18:40,2026-09-16T10:49:11,60,revise,active
15800741,soadjdmd,,,Victoria Station Interchange,,,,Victoria Stn,,Queensway,,,,Stop VE,,E,E0057248,Southend-on-Sea,,,Southend-on-Sea,,Southend-on-Sea,,0,UKOS,588188,185975,0.71236651,51.5412751,BCT,MKD,OTH,,,,053,2007-06-26T09:18:40,2026-09-16T10:49:11,58,revise,active
15800742,soadjdmg,,,Whitegate Road,,,,Warrior Sq,,Chichester Road,,,,Stop VR,,S,E0057248,Southend-on-Sea,,,Southend-on-Sea,,Town Centre,,1,UKOS,588318,185741,0.71410047,51.5391484,BCT,MKD,OTH,,,,053,2007-06-26T09:18:40,2023-07-31T08:06:22,55,revise,active
15800743,soadjawm,,,Victoria Station Interchange,,,,Victoria Stn,,Queensway,,,,Stop VH,,W,E0057248,Southend-on-Sea,,,Southend-on-Sea,,Town Centre,,1,UKOS,588176,185978,0.71219635,51.5413240,BCT,MKD,OTH,,,,053,2007-06-26T09:18:40,2026-09-16T10:49:11,60,revise,active
15800744,soadjawp,,,Victoria Station Interchange,,,,Victoria Stn,,Queensway,,,,Stop VJ,,W,E0057248,Southend-on-Sea,,,Southend-on-Sea,,Town Centre,,1,UKOS,588152,185970,0.71183253,51.5412694,BCT,MKD,OTH,,,,053,2007-06-26T09:18:40,2026-09-16T10:49:11,60,revise,active
15800745,soadjawt,,,Victoria Station Interchange,,,,Victoria Stn,,Queensway,,,,Stop VK,,E,E0057248,Southend-on-Sea,,,Southend-on-Sea,,Town Centre,,1,UKOS,588158,185991,0.71193017,51.5414560,BCT,MKD,OTH,,,,053,2007-06-26T09:18:40,2026-09-16T10:49:11,61,revise,active
15800746,soadjdmj,,,Crowstone House,,,,,,Crowstone Avenue,,,,o/s,,S,E0042050,Westcliff-on-Sea,Southend-on-Sea,,Southend-on-Sea,,Westcliff-on-Sea,,1,UKOS,586028,185354,0.68091408,51.5364313,BCT,MKD,OTH,,,,053,2007-06-26T09:18:40,2023-07-31T08:06:22,54,revise,active
15800747,soadjdmp,,,Bournemouth Park Road South,,,,,,Bournemouth Park Road,,,,N-bound,,N,E0042048,Southchurch,Southend-on-Sea,,Southend-on-Sea,,Southend-on-Sea,,0,UKOS,588951,185911,0.72332321,51.5404725,BCT,MKD,OTH,,,,053,2007-06-26T09:18:40,2026-09-16T10:49:11,7,revise,active
15800748,soadjdmt,,,Swanage Road,,,,,,Bournemouth Park Road,,,,adj,,N,E0042048,Southchurch,Southend-on-Sea,,Southend-on-Sea,,Southend-on-Sea,,0,UKOS,588889,186197,0.72256868,51.5430532,BCT,MKD,OTH,,,,053,2007-06-26T09:18:40,2026-09-16T10:49:11,6,revise,active
15800749,soadjdmw,,,Branksome Road,,,,,,Bournemouth Park Road,,,,adj,,S,E0042048,Southchurch,Southend-on-Sea,,Southend-on-Sea,,Southend-on-Sea,,0,UKOS,588884,186248,0.72252401,51.5435130,BCT,MKD,OTH,,,,053,2007-06-26T09:18:40,2014-04-07T10:17:27,5,revise,active
15800750,soadjdpa,,,Royston Avenue,,,,,,Bournemouth Park Road,,,,N-bound,,N,E0042048,Southchurch,Southend-on-Sea,,Southend-on-Sea,,Southend-on-Sea,,0,UKOS,588768,187065,0.72129118,51.5508894,BCT,MKD,OTH,,,,053,2007-06-26T09:18:40,2026-09-16T10:49:11,57,revise,active
15800751,soadjdpd,,,Eastern Avenue,,,,,,Bournemouth Park Road,,,,before,,N,E0042048,Southchurch,Southend-on-Sea,,Southend-on-Sea,,Southend-on-Sea,,0,UKOS,588738,187425,0.72106642,51.5541323,BCT,MKD,OTH,,,,053,2007-06-26T09:18:40,2026-09-16T10:49:11,6,revise,active
15800752,soadjdpg,,,Bournemouth Park Road Northend,,,,,,Bournemouth Park Road,,,,S-bound,,S,E0042048,Southchurch,Southend-on-Sea,,Southend-on-Sea,,Southend-on-Sea,,0,UKOS,588745,187425,0.72116727,51.5541300,BCT,MKD,OTH,,,,053,2007-06-26T09:18:40,2026-09-16T10:49:11,5,revise,active
15800753,soadjdpj,,,Cemetery,,,,Main Gates,,Sutton Road,,,,o/s,,S,N0077399,Temple Farm Ind Estate,Southend-on-Sea,,Southend-on-Sea,,Southend-on-Sea,,0,UKOS,588419,187913,0.71671744,51.5586221,BCT,MKD,OTH,,,,053,2007-06-26T09:18:40,2023-07-31T08:06:22,54,revise,active
15800754,soadjdpm,,,Fossetts Park,,,,,,Fossetts Way,,,,E-bound,,E,N0077399,Temple Farm Ind Estate,Southend-on-Sea,,Southend-on-Sea,,Southend-on-Sea,,0,UKOS,588617,188103,0.71930128,51.5603339,BCT,MKD,OTH,,,,053,2007-06-26T09:18:40,2026-09-16T10:49:11,5,revise,active
15800755,soadjdpt,,,B & Q Warehouse,,,,,,Fossetts Way,,,,o/s,,S,E0042048,Southchurch,Southend-on-Sea,,Southend-on-Sea,,Southend-on-Sea,,0,UKOS,589165,187801,0.72740640,51.5573757,BCT,MKD,OTH,,,,053,2007-06-26T09:18:40,2026-09-16T10:49:11,8,revise,active
15800756,soadjdad,,,B & Q Warehouse,,,,,,Fossetts Way,,,,opp,,NE,E0042048,Southchurch,Southend-on-Sea,,Southend-on-Sea,,Southend-on-Sea,,0,UKOS,589155,187792,0.72727135,51.5572889,BCT,MKD,OTH,,,,053,2007-06-26T09:18:40,2026-09-16T10:49:11,4,revise,inactive
15800757,soadjdpw,,,Wellsley Hospital,,,,,,Fossetts Way,,,,o/s,,SW,E0042048,Southchurch,Southend-on-Sea,,Southend-on-Sea,,Southend-on-Sea,,0,UKOS,589122,187574,0.72647586,51.5550859,BCT,MKD,OTH,,,,053,2007-06-26T09:18:40,2026-09-24T07:38:35,293,revise,active
15800758,soadjdag,,,Waitrose Superstore,,,,,,Fossetts Way,,,,o/s,,NE,E0042048,Southchurch,Southend-on-Sea,,Southend-on-Sea,,Southend-on-Sea,,0,UKOS,589109,187574,0.7264770,51.5553468,BCT,MKD,OTH,,,,053,2007-06-26T09:18:40,2026-09-24T07:38:35,293,revise,active
15800759,soadjdtg,,,Southend Hospital South,,,,Prittlewell Wing Entrance,,Prittlewell Chase,,,,Stop D,,E,E0042045,Prittlewell,Southend-on-Sea,,Southend-on-Sea,,Prittlewell,,0,UKOS,586476,187219,0.68836801,51.5530338,BCT,MKD,OTH,,,,053,2008-09-03T14:29:00,2026-09-16T10:49:11,53,revise,inactive
15800761,soadjdtd,,,Southend Hospital South,,,,Prittlewell Wing Entrance,,Prittlewell Chase,,,,Stop A,,E,E0042045,Prittlewell,Southend-on-Sea,,Southend-on-Sea,,Prittlewell,,0,UKOS,586415,187218,0.68747425,51.5530453,BCT,CUS,OTH,,,,053,2008-09-03T14:29:00,2024-03-26T09:33:20,4,revise,inactive
15800762,soadjdta,,,Southend Hospital South,,,,Prittlewell Wing Entrance,,Prittlewell Chase,,,,Stop D,,E,E0042045,Prittlewell,Southend-on-Sea,,Southend-on-Sea,,Prittlewell,,0,UKOS,586427,187218,0.68695718,51.5530841,BCT,MKD,OTH,,,,053,2008-09-03T14:29:00,2026-09-16T10:49:11,55,revise,active
15800763,soadjdwa,,,Southend High for Boys,,,,,,Hobleythick Lane,,,,o/s,,S,E0042045,Prittlewell,Southend-on-Sea,,Southend-on-Sea,,Prittlewell,,0,UKOS,586862,187355,0.69398689,51.5541280,BCT,CUS,OTH,,,,053,2009-02-12T05:08:04,2018-07-09T08:50:22,2,revise,inactive
15800764,soadjdtj,,,Rochford Business Park,,,,,,Cherry Orchard Way,,,,o/s,,N,E0042041,Eastwood,Southend-on-Sea,,Southend-on-Sea,,Eastwood,,0,UKOS,585861,189073,0.68047318,51.5698976,BCT,CUS,OTH,,,,053,2009-02-12T05:08:04,2026-09-16T10:49:11,55,revise,active
15800765,soadjdtp,,,Hermes Way,,,,,,Eagle Way,,,,opp,,E,E0042043,North Shoebury,Shoeburyness,,Southend-on-Sea,,North Shoebury,,0,UKOS,593480,185735,0.78843879,51.5373592,BCT,CUS,OTH,,,,053,2009-02-12T05:08:04,2026-09-16T10:49:11,56,revise,active
15800766,soadjdtw,,,Hermes Way,,,,,,Eagle Way,,,,adj,,W,E0042043,North Shoebury,Shoeburyness,,Southend-on-Sea,,North Shoebury,,0,UKOS,593459,185719,0.78814199,51.5372224,BCT,CUS,OTH,,,,053,2009-02-12T05:08:04,2026-09-16T10:49:11,56,revise,active
15800767,soadjdtm,,,Rochford Business Park,,,,,,Cherry Orchard Way,,,,opp,,S,E0042041,Eastwood,Southend-on-Sea,,Southend-on-Sea,,Eastwood,,0,UKOS,585869,189214,0.68066248,51.5711524,BCT,CUS,OTH,,,,053,2009-02-12T05:08:04,2023-07-31T08:06:22,55,revise,active
15800768,soadjdwg,,,Victoria Station Interchange,,,,Victoria Stn,,Queensway,,,,Stop VL,,E,E0057248,Southend-on-Sea,,,Southend-on-Sea,,,,1,UKOS,588177,185998,0.71220703,51.5415036,BCT,CUS,OTH,,,,053,2011-03-14T11:32:21,2026-09-16T10:49:11,56,revise,active
15800769,soadjdwm,,,St Lawrence Way,,,,,,St Lawrence Way,,,,E-bound,,NE,E0042041,Eastwood,Southend-on-Sea,,,,,,0,UKOS,585980,188436,0.68186531,51.5641279,BCT,CUS,OTH,,,,053,2011-09-19T08:42:09,2026-09-16T10:49:11,57,revise,active
15800770,soadjdwj,,,St Lawrence Way,,,,,,St Lawrence Way,,,,W-bound,,SW,E0042041,Eastwood,Southend-on-Sea,,,,,,0,UKOS,585968,188417,0.68166793,51.5639615,BCT,CUS,OTH,,,,053,2011-09-19T08:42:09,2023-07-31T08:06:22,56,revise,active
15800771,soadjgap,,,Cliff Lift,,,,,,Western Esplanade,,,,add,,E,E0057248,Southend-on-Sea,,,,,,,1,UKOS,588178,185104,0.71174394,51.5334740,BCT,CUS,OTH,,,,053,2013-02-18T09:36:22,2024-03-26T09:33:20,54,revise,inactive
15800772,soadjgaj,,,Belton Gardens,,,,,,Belton Gardens,,,,E-bound,,E,E0053735,Leigh-on-Sea,Southend-on-Sea,,Southend-on-Sea,,Leigh-on-Sea,,1,UKOS,583349,185849,0.64260308,51.5417617,BCT,CUS,OTH,,,,053,2013-02-11T08:15:11,2026-09-16T10:49:11,3,revise,inactive
15800773,soadjgat,,,The Ship,,,,,,New Road,,,,o/s,,SE,E0053735,Leigh-on-Sea,Southend-on-Sea,,Southend-on-Sea,,Leigh-on-Sea,,1,UKOS,583972,185692,0.65147979,51.5401404,BCT,CUS,OTH,,,,053,2013-02-18T09:36:22,2023-07-31T08:06:22,8,revise,active
15800774,soadjgaw,,,Old Leigh,,,,,,New Road,,,,SE-bound,,SE,E0053735,Leigh-on-Sea,Southend-on-Sea,,Southend-on-Sea,,Leigh-on-Sea,,1,UKOS,583619,185832,0.64646836,51.5415127,BCT,CUS,OTH,,,,053,2013-02-18T09:36:22,2024-03-26T09:33:20,3,revise,inactive
15800775,soadjgam,,,Old Leigh,,,,,,New Road,,,,NW-bound,,NW,E0053735,Leigh-on-Sea,Southend-on-Sea,,Southend-on-Sea,,Leigh-on-Sea,,1,UKOS,583623,185822,0.64652076,51.5414216,BCT,CUS,OTH,,,,053,2013-02-11T08:15:11,2026-09-16T10:49:11,5,revise,active
15800776,soadjgdg,,,Barnstaple Road,,,,,,Maplin Way North,,,,adj,,N,E0042049,Thorpe Bay,Southend-on-Sea,,,,,,1,UKOS,592156,185763,0.76938653,51.5380536,BCT,CUS,OTH,,,,053,2016-09-05T11:55:01,2026-09-16T10:49:11,1,revise,active
15800777,soadjgdj,,,Burlescoombe Road,,,,,,Maplin Way North,,,,adj,,N,E0042049,Thorpe Bay,Southend-on-Sea,,,,,,1,UKOS,592163,186057,0.76966266,51.5407002,BCT,CUS,OTH,,,,053,2016-09-05T11:55:01,2026-09-16T10:49:11,2,revise,active
15800778,soadjgdm,,,Westcliff High School,,,,,,Kenilworth Gardens,,,,Stop G,,W,E0053735,Leigh-on-Sea,Southend-on-Sea,,,,,,1,UKOS,585129,187223,0.66894974,51.5535223,BCT,CUS,OTH,,,,053,2016-09-05T11:55:01,2026-09-16T10:49:11,1,revise,active
15800779,soadjgdp,,,Westcliff High School,,,,,,Kenilworth Gardens,,,,Stop H,,W,E0053735,Leigh-on-Sea,Southend-on-Sea,,,,,,1,UKOS,585142,187223,0.66915092,51.5535087,BCT,CUS,OTH,,,,053,2016-09-05T11:55:01,2026-09-16T10:49:11,1,revise,active
15800901,soadjamw,,,Pantile Avenue,,,,Temple Sutton Infant and Junior,,PantileAvenue,,,,opp,,S,E0042048,Southchurch,Southend-on-Sea,,Southend-on-Sea,,Southchurch,,0,UKOS,589405,187209,0.73056012,51.5519780,BCT,CUS,OTH,,,,053,2006-10-02T00:00:00,2026-09-16T10:49:11,4,revise,inactive
15800902,soadjapa,,,Sutton Cemetery Main Gate,,,,Cremetorium,,Sutton Road,,,,o/s,,S,N0077399,Temple Farm Ind Estate,Southend-on-Sea,,Southend-on-Sea,,Temple Farm Ind Estate,,0,UKOS,588411,187869,0.71657915,51.5582386,BCT,CUS,OTH,,,,053,2006-10-02T00:00:00,2026-09-16T10:49:11,4,revise,inactive
15800903,soadjatm,,,Southend Travel Centre,,,,,,Chichester Road,,,,Stop A,,NE,E0057248,Southend-on-Sea,,,Southend-on-Sea,,Town Centre,,1,UKOS,588439,185351,0.71563456,51.5356054,BCT,MKD,OTH,,,,053,2006-10-02T00:00:00,2026-09-16T10:49:11,5,revise,inactive
15800904,soadjatj,,,Southend Travel Centre,,,,,,Chichester Road,,,,Stop B,,NE,E0057248,Southend-on-Sea,,,Southend-on-Sea,,Town Centre,,1,UKOS,588424,185351,0.71541854,51.5356104,BCT,MKD,OTH,,,,053,2006-10-02T00:00:00,2026-09-16T10:49:11,5,revise,inactive
15800905,soadjatg,,,Southend Travel Centre,,,,,,Chichester Road,,,,Stop C,,NE,E0057248,Southend-on-Sea,,,Southend-on-Sea,,Town Centre,,1,UKOS,588405,185360,0.71514973,51.5356975,BCT,MKD,OTH,,,,053,2006-10-02T00:00:00,2026-09-16T10:49:11,5,revise,inactive
15800906,soadjatd,,,Southend Travel Centre,,,,,,Chichester Road,,,,Stop D,,NE,E0057248,Southend-on-Sea,,,Southend-on-Sea,,Town Centre,,1,UKOS,588396,185371,0.71502600,51.5357993,BCT,MKD,OTH,,,,053,2006-10-02T00:00:00,2026-09-16T10:49:11,5,revise,inactive
15800907,soadjata,,,Southend Travel Centre,,,,,,Chichester Road,,,,Stop Y,,NE,E0057248,Southend-on-Sea,,,Southend-on-Sea,,Town Centre,,1,UKOS,588388,185386,0.71491881,51.5359367,BCT,MKD,OTH,,,,053,2006-10-02T00:00:00,2026-09-16T10:49:11,5,revise,inactive
15800908,soadjapw,,,Tylers Avenue,,,,,,Chichester Road,,,,Stop J,,NE,E0057248,Southend-on-Sea,,,Southend-on-Sea,,Town Centre,,1,UKOS,588368,185434,0.71465645,51.5363745,BCT,MKD,OTH,,,,053,2006-10-02T00:00:00,2026-09-16T10:49:11,5,revise,inactive
15800909,soadjapt,,,Tylers Avenue,,,,,,Chichester Road,,,,Stop K,,NE,E0057248,Southend-on-Sea,,,Southend-on-Sea,,Town Centre,,1,UKOS,588364,185453,0.71460900,51.5365465,BCT,MKD,OTH,,,,053,2006-10-02T00:00:00,2026-09-16T10:49:11,5,revise,inactive
15800910,soadjadt,,,Travel Centre,,,,S'nd Travel Ctr,,Chichester Road,,,,Stop H,,S,E0057248,Southend-on-Sea,,,Southend-on-Sea,,Town Centre,,1,UKOS,588376,185439,0.71478927,51.5364254,BCT,MKD,OTH,,,,053,2006-10-02T00:00:00,2026-09-16T10:49:11,62,revise,active
15800911,soadjadp,,,Travel Centre,,,,S'nd Travel Ctr,,Chichester Road,,,,Stop G,,S,E0057248,Southend-on-Sea,,,Southend-on-Sea,,Town Centre,,1,UKOS,588374,185449,0.71475088,51.5365072,BCT,MKD,OTH,,,,053,2006-10-02T00:00:00,2023-07-31T08:06:22,61,revise,active
15800912,soadjadm,,,Travel Centre,,,,S'nd Travel Ctr,,Chichester Road,,,,Stop F,,S,E0057248,Southend-on-Sea,,,Southend-on-Sea,,Town Centre,,1,UKOS,588372,185459,0.71474236,51.5366063,BCT,MKD,OTH,,,,053,2006-10-02T00:00:00,2026-09-16T10:49:11,62,revise,active
15800913,soadjadj,,,Travel Centre,,,,S'nd Travel Ctr,,Chichester Road,,,,Stop E,,S,E0057248,Southend-on-Sea,,,Southend-on-Sea,,Town Centre,,1,UKOS,588370,185469,0.71470396,51.5366882,BCT,MKD,OTH,,,,053,2006-10-02T00:00:00,2023-07-31T08:06:22,61,revise,active
15800914,soadjatp,,,Church Rd,,,,,,Heygate Avenue,,,,Stop L,,E,E0057248,Southend-on-Sea,,,Southend-on-Sea,,Town Centre,,1,UKOS,588433,185340,0.7155423,51.5355086,BCT,MKD,OTH,,,,053,2026-09-24T07:38:35,2026-09-24T07:38:35,0,new,inactive
15800915,soadjawd,,,Alexander House,,,,,,Victoria Avenue,,,,Stop VC,,NW,E0057248,Southend-on-Sea,,,Southend-on-Sea,,Town Centre,,1,UKOS,588035,186064,0.71019702,51.5421437,BCT,CUS,OTH,,,,053,2006-10-02T00:00:00,2024-03-26T09:33:20,3,revise,inactive
15800916,soadjawa,,,Sutton Arms,,,,,,Southchurch Road,,,,Stop VQ,,E,E0057248,Southend-on-Sea,,,Southend-on-Sea,,Town Centre,,1,UKOS,588349,185857,0.71460897,51.5401799,BCT,CUS,OTH,,,,053,2006-10-02T00:00:00,2024-03-26T09:33:20,4,revise,inactive
15800917,soadjawg,,,Queensway,,,,,,Queensway Bus Stop Layby,,,,Stop VF,,W,E0057248,Southend-on-Sea,,,Southend-on-Sea,,Town Centre,,1,UKOS,588035,185924,0.71013669,51.5408859,BCT,CUS,OTH,,,,053,2006-10-02T00:00:00,2026-09-16T10:49:11,5,revise,inactive
15800918,soadjawj,,,Queensway,,,,,,Queensway Bus Stop Layby,,,,Stop VG,,W,E0057248,Southend-on-Sea,,,Southend-on-Sea,,Town Centre,,1,UKOS,588080,185918,0.71076775,51.5408264,BCT,CUS,OTH,,,,053,2006-10-02T00:00:00,2026-09-16T10:49:11,5,revise,inactive
15800919,soadjatw,,,Whitegate Road,,,,,,Chichester Road,,,,Stop VS,,N,E0057248,Southend-on-Sea,,,Southend-on-Sea,,Town Centre,,1,UKOS,588319,185670,0.71407692,51.5385104,BCT,CUS,OTH,,,,053,2006-10-02T00:00:00,2024-03-26T09:33:20,3,revise,inactive
15800920,soadjdwd,,,High School Stand,,,,,,Prittlewell Chase,,,,layover,,NE,E0042045,Prittlewell,Southend-on-Sea,,Southend-on-Sea,,,,0,UKOS,586975,187275,0.69558682,51.5533717,BCT,CUS,OTH,,,,053,2009-10-07T14:20:07,2026-09-16T10:49:11,5,revise,inactive
15800921,soadjdwt,,,Cliff Lift (Old),,,,,,Western Esplanade,,,,opp,,E,E0057248,Southend-on-Sea,,,,,,,1,UKOS,588207,185103,0.71216102,51.5334553,BCT,CUS,OTH,,,,053,2012-04-16T10:00:16,2024-03-26T09:33:20,3,revise,inactive
15800922,soadjgad,,,The Ship (Old),,,,,,New Road,,,,o/s,,E,E0053735,Leigh-on-Sea,Southend-on-Sea,,Southend-on-Sea,,Leigh-on-Sea,,1,UKOS,583987,185687,0.65169323,51.5400906,BCT,CUS,OTH,,,,053,2012-04-16T10:00:16,2024-03-26T09:33:20,3,revise,inactive
15800923,soadjgag,,,Old Leigh (Old),,,,,,New Road,,,,SE-bound,,SE,E0053735,Leigh-on-Sea,Southend-on-Sea,,Southend-on-Sea,,Leigh-on-Sea,,1,UKOS,583629,185826,0.64660927,51.5414555,BCT,CUS,OTH,,,,053,2024-03-26T09:33:20,2024-03-26T09:33:20,0,new,inactive
15800924,soadjgda,,,Travel Centre,,,,S'nd Travel Ctr,,Chichester Road,,,,Stop N,,N,E0057248,Southend-on-Sea,,,,,,,1,UKOS,588362,185459,0.71458394,51.5366100,BCT,CUS,OTH,,,,053,2013-11-07T09:26:42,2026-09-16T10:49:11,3,revise,inactive
